Hugo_Symbol	SHAH_H000004_T09_01_WG01	SHAH_H000005_T26_01_WG01	SHAH_H000222_T01_07_WG01	SHAH_H000006_T15_01_WG01	SHAH_H000011_T08_01_WG01	SHAH_H000013_T17_01_WG01	SHAH_H000009_T15_02_WG01	SHAH_H000019_T10_01_WG01	SHAH_H000020_T07_02_WG01	SHAH_H000021_T07_01_WG01	SHAH_H000022_T10_01_WG01	SHAH_H000023_T06_01_WG01	SHAH_H000039_T10_01_WG01	SHAH_H000024_T08_01_WG01	SHAH_H000025_T04_02_WG01	SHAH_H000026_T01_02_WG01	SHAH_H000031_T08_01_WG01	SHAH_H000036_T06_01_WG01	SHAH_H000033_T16_01_WG01	SHAH_H000034_T07_01_WG01	SHAH_H000035_T13_01_WG01	SHAH_H000037_T18_01_WG01	SHAH_H000038_T14_01_WG01	SHAH_H000041_T02_05_WG01	SHAH_H000149_T02_02_WG01	SHAH_H000180_T02_02_WG01	SHAH_H000181_T10_01_WG01	SHAH_H000213_T13_01_WG01	SHAH_H000214_T11_01_WG01	SHAH_H000338_T05_01_WG01	SHAH_H000340_T05_01_WG01	SHAH_H000339_T03_03_WG01	SHAH_H000342_T04_03_WG01	SHAH_H000705_T02_03_WG01	SHAH_H000708_T06_01_WG01	SHAH_H000706_T04_01_WG01	SHAH_H000707_T08_01_WG01	SHAH_H001749_T06_01_WG01	SHAH_H001750_T06_01_WG01	SHAH_H001753_T04_01_WG01
A1CF	0	-1	0	0	-1	0	0	0	0	-1	-1	-1	0	0	0	0	-1	0	0	0	0	0	0	0	0	0	0	0	0	0	0	-1	0	0	0	-1	0	0	-1	0
ABI1	0	0	0	0	-1	0	0	0	0	0	0	0	0	-1	0	0	0	0	0	0	-1	0	0	0	0	-1	0	0	0	0	0	0	0	0	0	-1	0	0	0	0
ABL1	0	0	-1	-1	-1	0	0	0	-1	0	-1	-1	0	-1	0	0	0	-1	-1	0	-1	-1	0	-1	0	0	0	0	0	0	0	-1	0	0	-1	-1	-1	0	-1	0
ABL2	0	0	0	0	0	0	0	0	0	0	0	0	0	0	0	-1	0	0	0	0	-1	0	-1	0	0	0	0	0	0	-1	0	0	0	0	0	0	0	0	0	0
ACKR3	0	0	0	-1	0	-1	0	0	0	0	0	0	-1	0	0	0	0	0	-1	-1	-1	-1	0	0	-1	-1	0	0	-1	0	0	-1	0	0	-1	-1	0	-1	0	0
ACSL3	0	0	0	-1	0	0	0	0	0	0	0	0	0	0	0	0	0	0	0	-1	-1	-1	0	0	-1	0	0	0	-1	0	0	-1	0	0	-1	-1	0	-1	0	0
ACSL6	0	0	0	0	-1	0	0	0	-1	-1	-1	0	0	0	-1	-1	-1	-1	-1	0	-1	-1	0	-1	0	0	-1	-1	0	0	0	-1	0	0	0	-1	0	-1	0	0
ACVR1	0	0	0	-1	0	0	0	0	0	0	-1	-1	0	0	0	0	0	0	-1	0	-1	0	0	0	-1	0	0	0	0	0	0	0	0	0	-1	-1	0	-1	0	0
ACVR2A	0	0	0	-1	0	0	0	0	-1	0	-1	-1	0	0	0	0	0	0	-1	0	-1	0	0	0	-1	0	0	0	0	0	0	0	0	0	-1	-1	0	-1	0	0
AFF1	0	0	0	-1	-1	0	0	0	0	-1	-1	-1	0	0	0	-1	-1	-1	-1	0	0	-1	-1	0	0	0	0	-1	0	0	0	-1	0	0	-1	-1	-1	0	0	0
AFF3	0	0	0	-1	0	0	0	0	0	0	0	0	0	0	0	0	0	0	0	-1	-1	0	0	0	0	0	0	0	0	0	0	0	0	0	-1	0	0	0	0	0
AFF4	0	0	0	0	-1	0	0	0	-1	-1	-1	0	0	0	-1	-1	-1	-1	-1	0	-1	-1	0	-1	0	0	-1	-1	0	0	0	-1	0	0	0	-1	0	-1	0	0
AKAP9	0	0	0	0	-1	0	0	0	0	0	-1	-1	0	0	0	0	0	0	-1	-1	0	0	0	0	0	0	0	-1	0	0	0	0	0	0	0	0	0	0	0	0
AKT1	0	-1	0	0	0	-1	0	-1	-1	0	-1	-1	0	0	0	-1	-1	0	-1	0	0	-1	0	0	0	0	-1	-1	0	0	0	-1	0	0	0	-1	0	0	-1	0
AKT2	0	0	-1	-1	0	-1	0	-1	0	0	0	0	0	0	0	0	-1	0	0	0	0	0	0	0	2	0	0	0	0	0	0	0	2	-1	-1	-1	0	0	0	0
AKT3	0	0	0	-1	0	-1	0	0	-1	0	0	0	0	0	0	0	0	0	0	0	-1	0	-1	0	0	0	0	-1	0	0	0	0	0	0	0	0	0	-1	0	0
ALDH2	0	-1	0	0	-1	-1	0	-1	0	0	-1	-1	0	-1	0	0	-1	0	-1	0	0	-1	-1	-1	0	-1	0	-1	-1	0	0	-1	0	0	0	0	0	-1	-1	0
ALK	0	0	0	-1	0	0	0	0	0	0	0	-1	0	0	0	0	0	0	0	0	0	0	0	0	0	0	0	0	0	0	0	0	0	0	0	0	0	0	-1	0
AMER1	0	-1	0	-1	0	0	0	0	-1	-1	-1	0	0	-1	-1	-1	-1	0	0	-1	-1	0	0	0	-1	0	0	-1	-1	0	-1	-1	-1	0	-1	0	-1	-1	-1	0
ANK1	0	0	1	0	0	0	0	0	-1	0	0	0	-1	0	0	0	0	0	0	0	-1	0	0	0	0	0	0	0	-1	-1	0	0	1	-1	0	0	-1	0	0	0
APC	0	0	0	0	-1	0	0	0	-1	-1	-1	0	-1	-1	-1	-1	-1	-1	-1	0	-1	-1	0	-1	0	0	-1	-1	0	0	0	-1	0	0	0	-1	0	-1	0	0
APOBEC3B	-1	0	-1	-1	0	-1	-1	-1	0	-1	-1	-1	-1	0	-1	-1	-1	0	0	-1	-1	-1	-1	-1	-1	0	-1	-1	0	0	-1	-1	-1	-1	-1	-1	-1	-1	0	-1
AR	0	-1	0	-1	0	0	-1	0	-1	-1	-1	0	0	-1	-1	-1	-1	0	0	-1	0	0	0	0	-1	0	0	-1	-1	0	-1	-1	-1	0	-1	0	-1	-1	-1	0
ARAF	0	-1	0	0	0	0	0	0	0	-1	-1	0	-1	-1	-1	-1	-1	-1	0	-1	-1	0	0	0	-1	0	0	-1	-1	0	-1	-1	-1	0	-1	0	0	-1	-1	0
ARHGAP26	0	0	0	0	-1	0	0	0	0	-1	-1	0	0	0	-1	-1	-1	-1	0	0	-1	-1	0	-1	0	0	-1	-1	0	0	0	-1	0	0	0	-1	0	0	0	0
ARHGAP5	0	-1	0	0	0	-1	0	-1	-1	0	0	-1	0	0	0	0	-1	0	-1	0	0	-1	0	0	0	0	-1	0	0	-1	0	0	0	0	0	0	-1	0	0	0
ARHGEF10	0	-1	-1	-1	-1	0	0	-1	-1	-1	-1	0	0	0	0	0	-1	0	-1	0	-1	-1	0	0	0	0	0	-1	-1	-1	-1	-1	-1	-1	0	-1	0	-1	0	-1
ARHGEF10L	0	0	0	-1	-1	-1	0	-1	-1	-1	0	-1	0	-1	0	-1	0	0	-1	0	0	-1	-1	0	0	0	-1	0	-1	0	0	0	0	0	0	0	0	-1	-1	0
ARHGEF12	0	0	0	-1	0	-1	0	0	-1	0	-1	0	0	0	-1	-1	0	0	-1	-1	0	0	0	0	0	0	-1	0	-1	0	0	0	0	0	0	0	-1	0	0	0
ARID1A	0	0	0	-1	-1	-1	-1	-1	-1	0	0	-1	-1	-1	0	-1	0	0	-1	0	0	-1	-1	-1	0	0	-1	0	-1	0	0	0	0	0	0	0	-1	-1	-1	0
ARID1B	0	-1	0	-1	-1	-1	0	-1	-1	-1	-1	-1	-1	-1	0	0	-1	-1	-1	0	-1	-1	0	-1	0	0	0	-1	-1	-1	-1	-1	-1	0	-1	0	0	-1	-1	-1
ARID2	1	-1	0	0	-1	0	0	0	0	0	0	-1	0	-1	0	0	-1	0	-1	0	0	0	0	0	0	0	0	-1	-1	0	0	0	0	0	0	0	0	0	-1	0
ARNT	0	0	0	0	0	0	0	0	0	0	0	0	1	0	0	-1	0	0	0	-1	0	0	-1	0	0	0	0	0	0	0	0	0	0	0	0	0	0	0	0	0
ASPSCR1	-1	0	-1	-1	-1	-1	-1	-1	-1	-1	-1	-1	-1	-1	-1	-1	-1	-1	-1	-1	-1	-1	-1	-1	-1	0	-1	-1	-1	0	-1	-1	-1	-1	-1	-1	-1	-1	0	-1
ASXL1	0	0	0	0	0	0	0	0	1	0	0	0	0	0	0	0	0	0	0	-1	0	0	0	-1	0	0	0	0	-1	0	0	0	0	0	0	0	0	0	0	0
ASXL2	0	0	0	-1	0	0	0	0	0	-1	0	-1	0	0	0	0	0	0	0	0	0	0	0	0	0	0	0	0	0	0	0	-1	0	0	0	0	0	0	-1	0
ATF1	0	-1	0	0	-1	0	0	-1	0	0	0	-1	0	-1	0	0	-1	0	-1	0	0	0	0	0	0	0	0	-1	-1	0	0	0	0	0	0	0	0	0	-1	0
ATIC	0	0	0	-1	0	0	0	0	0	0	0	0	-1	0	0	0	0	0	0	-1	-1	-1	0	0	-1	0	0	0	0	0	0	0	0	0	-1	-1	0	-1	0	0
ATM	0	0	0	-1	0	-1	0	0	-1	0	0	0	0	0	-1	-1	0	0	0	-1	0	0	0	0	0	0	-1	0	0	0	1	0	0	0	0	0	-1	-1	0	0
ATP1A1	0	0	0	0	0	0	-1	0	0	0	0	0	0	0	0	-1	0	0	0	0	0	0	-1	0	0	0	-1	-1	0	0	0	0	0	0	0	0	-1	0	0	0
ATP2B3	0	-1	0	-1	0	0	-1	0	-1	-1	-1	0	0	0	-1	-1	-1	-1	0	-1	-1	-1	0	-1	-1	0	0	-1	-1	0	-1	0	0	0	-1	0	-1	-1	-1	0
ATR	0	0	0	0	0	0	0	0	0	-1	-1	0	0	-1	0	0	0	0	0	0	0	0	0	0	0	0	-1	0	0	0	0	0	0	-1	0	-1	0	0	0	-1
ATRX	0	-1	0	-1	0	0	-1	0	-1	-1	-1	0	0	0	-1	-1	-1	-1	0	-1	-1	0	-1	0	-1	0	0	-1	-1	0	-1	-1	-1	0	-1	0	-1	-1	-1	0
AXIN1	0	0	0	0	0	-1	0	0	0	-1	0	0	0	0	0	0	-1	0	-1	0	0	0	0	0	0	0	-1	-1	0	0	0	0	-1	-1	0	-1	0	0	-1	-1
AXIN2	-1	-1	-1	0	-1	-1	-1	-1	-1	-1	-1	-1	-1	-1	-1	-1	-1	-1	-1	-1	-1	-1	-1	-1	-1	0	-1	-1	-1	0	-1	-1	-1	-1	-1	-1	-1	-1	-1	-1
B2M	0	-1	0	0	-1	0	-1	0	0	-1	-1	0	-1	-1	-1	0	-1	-1	-1	0	-1	0	0	0	0	0	0	-1	-1	0	0	-1	-1	-1	-1	0	-1	-1	0	0
BAP1	0	0	0	-1	0	-1	0	-1	0	-1	-1	-1	-1	0	0	-1	-1	0	-1	-1	-1	0	0	0	0	0	0	0	0	0	0	0	0	-1	0	0	0	0	-1	0
BARD1	0	0	0	-1	0	0	0	0	0	0	0	0	-1	0	0	0	0	0	0	-1	-1	-1	0	0	0	0	0	0	-1	0	0	0	0	0	-1	-1	0	-1	0	0
BAX	0	0	-1	0	0	-1	0	-1	0	0	-1	0	0	0	-1	-1	-1	0	-1	0	0	0	0	0	-1	0	-1	-1	0	0	0	0	0	-1	-1	-1	0	-1	-1	0
BAZ1A	0	-1	0	0	0	-1	0	-1	-1	0	0	-1	0	0	0	0	-1	0	-1	0	0	0	0	0	0	-1	-1	0	0	-1	0	0	0	0	0	0	-1	0	0	0
BCL10	-1	0	0	0	0	0	-1	0	0	0	0	0	0	-1	0	-1	0	0	0	-1	0	0	-1	0	0	0	-1	0	-1	0	0	0	0	0	0	0	0	0	0	0
BCL11A	0	0	0	0	0	0	0	0	0	0	0	0	0	0	0	0	0	0	0	0	0	0	0	0	0	0	0	0	-1	0	0	0	0	0	0	0	0	0	-1	0
BCL11B	0	-1	0	0	0	-1	0	-1	-1	0	0	-1	0	0	0	-1	-1	0	-1	0	0	-1	0	0	0	0	-1	-1	-1	-1	0	-1	0	0	0	-1	-1	0	-1	0
BCL2	-1	0	-1	-1	-1	-1	0	0	-1	-1	-1	-1	0	0	0	0	-1	-1	-1	0	-1	0	0	0	0	0	-1	-1	0	0	0	-1	0	0	0	-1	0	-1	-1	-1
BCL2L12	0	0	-1	0	0	-1	0	-1	0	0	-1	0	0	0	-1	0	-1	0	-1	0	0	0	0	0	-1	0	-1	-1	0	0	0	0	0	-1	-1	-1	0	-1	-1	0
BCL3	0	0	-1	0	0	-1	0	-1	0	0	0	0	0	0	0	-1	-1	0	-1	0	0	0	0	0	-1	0	-1	0	0	0	0	0	0	-1	-1	-1	0	0	-1	0
BCL6	-1	1	0	0	-1	0	0	0	0	0	0	0	0	-1	0	0	1	0	-1	0	0	0	0	0	0	0	0	-1	-1	0	0	0	0	0	0	0	0	-1	-1	0
BCL7A	0	-1	0	0	-1	-1	0	-1	0	0	-1	-1	0	-1	0	0	-1	0	-1	0	0	-1	0	0	0	0	-1	-1	-1	0	0	-1	0	0	0	-1	0	-1	-1	0
BCL9	0	0	0	0	0	0	0	0	0	0	0	0	1	0	0	-1	0	0	0	0	0	0	-1	1	0	0	0	0	0	0	0	0	0	0	0	0	0	0	0	0
BCL9L	0	0	0	-1	0	-1	0	0	-1	0	-1	0	0	0	-1	-1	0	0	-1	-1	0	0	0	0	0	0	-1	0	-1	0	0	0	0	0	0	0	-1	0	0	0
BCLAF1	0	-1	0	-1	-1	-1	0	-1	-1	-1	-1	-1	0	-1	0	0	-1	-1	-1	0	-1	-1	0	0	0	0	0	-1	-1	-1	-1	-1	0	0	-1	0	0	-1	0	-1
BCOR	0	-1	0	0	0	0	0	0	0	-1	-1	0	-1	-1	-1	-1	-1	-1	0	-1	-1	0	0	0	-1	0	0	-1	-1	0	-1	-1	-1	0	-1	0	0	-1	-1	0
BCORL1	0	-1	0	-1	0	0	-1	0	-1	-1	-1	0	0	0	-1	-1	-1	-1	0	-1	-1	-1	0	-1	-1	0	0	-1	-1	0	-1	0	-1	0	-1	0	-1	-1	-1	0
BCR	-1	0	-1	-1	0	-1	-1	-1	0	-1	-1	-1	-1	0	-1	-1	-1	0	0	-1	-1	-1	0	-1	-1	0	-1	0	0	0	-1	-1	-1	-1	-1	-1	-1	-1	0	-1
BIRC3	0	0	0	-1	0	-1	0	0	-1	0	0	-1	0	0	-1	-1	0	0	0	-1	0	0	0	0	0	0	-1	0	0	0	0	0	0	0	0	0	1	-1	0	0
BIRC6	0	0	0	-1	0	0	0	0	0	0	0	-1	0	0	0	0	0	0	-1	0	0	0	0	0	0	0	0	0	0	0	0	0	0	0	0	0	0	0	-1	0
BLM	0	0	0	-1	-1	-1	-1	0	0	-1	0	-1	0	-1	0	0	-1	0	0	0	-1	0	0	0	0	0	-1	-1	-1	-1	1	-1	-1	-1	-1	0	-1	-1	0	0
BMP5	0	0	0	0	0	0	0	-1	-1	-1	0	0	0	0	0	0	-1	0	0	0	-1	0	0	-1	0	0	0	-1	0	-1	0	0	-1	0	-1	0	1	0	-1	0
BMPR1A	0	-1	0	0	-1	-1	0	0	0	-1	-1	-1	-1	0	0	0	-1	0	0	0	0	0	0	0	0	0	-1	0	-1	0	0	-1	0	0	0	-1	0	-1	0	-1
BRAF	0	0	0	0	-1	0	0	0	0	0	-1	-1	0	0	0	0	0	-1	0	-1	0	-1	0	0	0	0	0	-1	0	0	0	0	0	0	0	0	0	0	0	0
BRCA1	-1	-1	-1	-1	-1	-1	-1	-1	-1	-1	-1	-1	-1	-1	-1	-1	-1	-1	-1	-1	-1	-1	-1	-1	-1	0	-1	-1	-1	-1	-1	-1	0	-1	-1	-1	-1	-1	-1	-1
BRCA2	-1	-1	-1	-1	-1	0	-1	-1	0	-1	0	-1	-1	0	0	-1	0	0	0	0	-1	0	0	-1	0	0	-1	0	-1	0	-1	-1	0	-1	-1	-1	-1	-1	0	-1
BRD3	0	0	-1	-1	-1	0	0	0	-1	0	-1	-1	0	-1	0	0	0	-1	-1	0	-1	-1	0	-1	0	0	-1	0	0	0	0	-1	0	0	-1	-1	-1	-1	-1	0
BRD4	0	0	0	-1	0	0	0	0	0	0	0	-1	0	0	0	0	0	0	0	0	0	0	0	0	-1	0	0	0	0	0	0	-1	-1	0	0	-1	0	0	0	0
BRIP1	-1	-1	-1	0	-1	-1	-1	-1	-1	-1	-1	-1	-1	-1	-1	-1	-1	-1	-1	-1	-1	-1	-1	-1	-1	0	0	-1	-1	0	-1	-1	-1	-1	-1	-1	-1	-1	-1	-1
BTG1	0	-1	0	0	-1	0	0	-1	0	0	0	-1	0	-1	0	0	-1	0	-1	0	0	0	0	-1	0	0	-1	-1	-1	0	0	-1	0	0	0	0	0	-1	-1	0
BTK	0	-1	0	0	0	0	-1	0	0	-1	-1	0	0	0	-1	-1	-1	-1	0	-1	-1	-1	0	-1	-1	0	0	-1	-1	0	-1	0	-1	0	-1	0	-1	-1	-1	0
BUB1B	0	-1	0	-1	-1	0	-1	0	0	-1	-1	0	-1	-1	-1	0	-1	0	-1	0	-1	0	0	0	0	0	0	-1	-1	-1	0	-1	-1	-1	-1	0	-1	-1	0	0
C15orf65	0	-1	0	-1	-1	0	-1	0	0	-1	-1	0	0	-1	-1	0	-1	0	-1	0	-1	0	0	0	0	0	-1	-1	-1	-1	0	-1	-1	-1	-1	0	-1	-1	0	0
C2orf44	0	0	0	-1	0	0	0	0	0	-1	0	-1	0	0	0	0	0	0	0	0	0	0	0	0	0	0	0	0	0	0	0	-1	0	0	0	0	0	0	-1	0
CACNA1D	0	0	0	-1	0	-1	0	-1	0	-1	-1	-1	-1	0	0	-1	-1	0	-1	-1	-1	0	0	0	0	0	0	0	0	0	0	0	0	0	0	0	0	0	-1	0
CALR	0	0	1	-1	0	0	0	-1	0	0	0	-1	0	0	0	0	0	-1	0	0	0	0	0	0	-1	0	0	0	0	0	0	-1	-1	0	0	-1	0	0	0	0
CAMTA1	0	0	0	-1	-1	-1	0	-1	-1	-1	0	-1	0	-1	0	-1	0	0	-1	0	0	-1	-1	0	0	0	-1	0	-1	0	0	0	0	0	0	-1	0	-1	0	0
CANT1	-1	-1	-1	-1	-1	-1	-1	-1	-1	-1	-1	-1	-1	-1	-1	-1	-1	-1	-1	-1	-1	-1	-1	-1	-1	0	-1	-1	-1	0	-1	-1	-1	-1	-1	-1	-1	-1	-1	-1
CANX	0	0	0	0	-1	0	0	0	-1	-1	-1	1	0	0	-1	0	-1	-1	0	0	-1	0	0	-1	0	0	-1	-1	0	0	0	-1	0	0	0	0	0	0	0	0
CARD11	0	-1	-1	-1	-1	-1	0	0	0	-1	-1	-1	0	0	0	0	0	0	-1	0	-1	-1	0	0	0	0	-1	-1	0	0	0	-1	-1	0	0	0	0	-1	-1	0
CARS	-1	-1	-1	-1	-1	-1	0	-1	-1	0	0	-1	0	0	-1	0	0	-1	-1	0	-1	0	0	0	0	0	-1	-1	0	-1	0	0	-1	0	0	-1	-1	-1	0	-1
CASC5	0	-1	0	-1	-1	0	-1	0	0	-1	-1	0	-1	-1	-1	0	-1	0	-1	0	-1	0	0	0	0	0	0	-1	-1	-1	0	-1	-1	-1	-1	0	-1	-1	0	0
CASP3	0	-1	0	-1	-1	-1	0	0	0	-1	-1	-1	-1	0	0	-1	0	-1	-1	0	0	0	0	0	0	0	-1	-1	-1	0	-1	-1	0	0	-1	-1	-1	-1	-1	0
CASP8	0	0	0	-1	0	0	0	0	0	0	0	0	0	0	0	0	0	0	0	0	-1	-1	0	0	-1	0	0	0	0	0	0	0	0	0	-1	-1	0	-1	0	0
CASP9	0	0	0	-1	-1	-1	0	-1	-1	-1	0	-1	0	-1	0	-1	0	0	-1	0	0	-1	-1	0	0	0	-1	0	-1	0	0	0	0	-1	0	0	0	-1	-1	0
CBFA2T3	0	-1	-1	-1	-1	-1	-1	0	0	-1	-1	0	0	-1	0	0	-1	0	-1	-1	-1	0	0	0	0	0	-1	-1	0	-1	0	0	-1	0	-1	-1	0	-1	0	-1
CBFB	0	-1	-1	-1	-1	-1	-1	0	0	-1	-1	0	0	-1	0	0	-1	-1	-1	-1	-1	0	0	0	0	0	-1	-1	-1	-1	0	-1	-1	0	-1	-1	0	-1	-1	-1
CBL	0	0	0	-1	0	-1	0	0	-1	0	-1	0	0	0	-1	-1	0	0	-1	-1	0	0	0	0	0	0	-1	0	-1	0	0	0	0	0	0	0	-1	0	0	0
CBLB	0	0	0	0	0	0	0	0	0	-1	0	0	0	-1	0	0	0	0	0	0	0	0	0	0	0	0	0	0	0	0	0	0	0	0	0	0	0	0	0	-1
CBLC	0	0	-1	0	0	-1	0	-1	0	0	0	0	0	0	0	-1	-1	0	-1	0	0	0	0	0	-1	0	-1	0	0	0	0	0	0	-1	-1	-1	0	0	-1	0
CCDC6	0	-1	0	0	-1	0	0	0	0	-1	-1	-1	0	0	0	0	-1	0	-1	0	0	0	0	0	0	-1	0	0	0	0	0	-1	0	0	0	-1	0	-1	0	-1
CCNB1IP1	0	-1	0	0	0	0	0	0	-1	0	0	-1	0	0	0	0	-1	0	-1	0	0	-1	0	0	0	0	0	0	0	-1	0	0	1	0	0	0	-1	0	0	0
CCNC	0	-1	0	0	0	-1	0	-1	-1	-1	-1	-1	0	-1	0	0	-1	0	0	0	-1	0	0	0	0	0	0	-1	-1	-1	0	0	-1	0	-1	0	0	-1	0	-1
CCND1	0	0	0	0	0	-1	0	0	-1	0	0	0	0	0	0	0	0	0	0	0	1	0	0	1	0	0	0	-1	0	0	-1	0	0	0	0	0	1	0	0	0
CCND2	0	0	-1	0	0	0	0	0	0	0	-1	0	0	0	0	0	-1	0	-1	0	0	0	0	1	0	0	0	0	-1	0	0	0	0	-1	0	0	0	0	1	0
CCND3	0	0	0	0	0	0	0	-1	-1	-1	0	0	0	0	0	-1	-1	0	0	0	0	0	-1	-1	0	0	0	-1	0	-1	0	0	1	0	-1	0	0	0	0	0
CCNE1	0	0	2	0	0	-1	0	-1	2	0	0	0	0	0	-1	0	-1	0	0	2	0	0	2	0	0	0	0	0	0	0	0	0	-1	2	2	-1	0	0	0	0
CCR4	0	0	0	-1	0	-1	0	-1	0	-1	-1	-1	0	-1	0	-1	-1	0	-1	-1	-1	0	0	0	0	0	-1	0	-1	0	0	0	0	-1	0	-1	0	0	-1	0
CCR7	-1	-1	-1	-1	-1	-1	0	-1	-1	-1	-1	-1	-1	-1	-1	-1	-1	-1	-1	-1	-1	-1	-1	-1	-1	0	-1	-1	-1	-1	-1	-1	-1	-1	-1	-1	-1	-1	-1	-1
CD209	0	0	-1	-1	-1	-1	-1	-1	-1	-1	0	-1	0	-1	-1	0	0	-1	0	1	0	0	0	0	-1	0	0	0	0	0	-1	-1	-1	0	0	-1	0	0	0	0
CD274	0	-1	0	0	-1	-1	0	0	-1	0	0	-1	0	-1	0	-1	0	0	0	0	-1	0	0	-1	0	-1	0	-1	0	0	0	-1	0	0	-1	-1	-1	-1	-1	0
CD28	0	0	0	-1	0	0	0	0	0	0	0	0	-1	0	0	0	0	0	0	0	-1	-1	0	0	-1	0	0	0	0	0	0	0	0	0	-1	-1	0	-1	0	0
CD74	0	0	0	0	-1	0	0	0	-1	-1	-1	0	0	0	-1	-1	-1	-1	0	0	-1	-1	0	-1	0	0	-1	-1	0	0	0	-1	0	0	0	-1	0	0	0	0
CD79A	0	0	-1	0	0	-1	0	-1	0	0	0	0	0	0	0	-1	-1	0	0	0	0	0	1	0	-1	0	-1	0	0	0	0	0	-1	-1	-1	-1	0	0	0	0
CD79B	-1	-1	-1	0	-1	-1	-1	-1	-1	-1	-1	-1	-1	-1	-1	-1	-1	-1	-1	-1	-1	-1	-1	-1	-1	0	-1	-1	-1	0	-1	-1	-1	-1	-1	-1	-1	-1	-1	-1
CDC73	0	0	0	0	0	0	0	0	-1	0	0	0	0	0	0	-1	0	0	-1	0	-1	0	-1	0	0	0	0	0	0	0	0	0	0	0	0	0	0	0	0	0
CDH1	0	-1	-1	-1	-1	-1	-1	0	0	-1	-1	0	0	-1	0	0	-1	-1	-1	-1	-1	0	0	0	0	0	-1	-1	-1	-1	0	-1	-1	0	-1	-1	0	-1	-1	-1
CDH10	0	0	0	0	-1	0	0	0	0	-1	0	0	-1	0	0	0	0	0	0	0	-1	0	0	-1	0	0	0	0	0	0	0	0	0	0	0	-1	0	0	0	0
CDH11	0	0	-1	-1	-1	-1	-1	0	0	-1	-1	0	0	-1	0	0	-1	0	-1	-1	-1	0	0	0	0	0	-1	-1	-1	-1	0	-1	-1	0	-1	-1	0	-1	-1	-1
CDH17	0	0	-1	0	0	0	0	0	-1	-1	-1	-1	-1	0	0	0	0	0	0	0	0	0	0	0	0	0	0	0	-1	0	0	-1	-1	-1	0	0	0	0	0	0
CDK12	-1	-1	-1	-1	-1	-1	-1	-1	-1	-1	-1	-1	-1	-1	-1	-1	-1	-1	-1	2	-1	-1	-1	-1	-1	0	-1	-1	-1	-1	-1	-1	-1	-1	-1	-1	-1	-1	-1	-1
CDK4	0	-1	0	0	-1	0	-1	-1	0	0	0	-1	0	-1	0	0	-1	0	-1	0	0	0	0	0	0	0	0	-1	-1	0	0	0	0	0	0	0	0	0	-1	0
CDK6	0	0	0	0	-1	0	-1	0	0	0	-1	-1	0	0	0	0	0	0	-1	-1	0	0	0	0	0	0	0	-1	0	0	0	0	0	0	0	0	0	0	0	0
CDKN1A	0	0	0	-1	-1	0	0	-1	-1	-1	0	-1	0	0	0	-1	-1	-1	0	0	-1	0	-1	-1	0	0	0	-1	0	-1	0	0	1	0	-1	0	0	0	0	0
CDKN1B	0	0	0	0	-1	0	0	0	0	0	0	0	0	0	0	0	-1	0	-1	0	0	0	0	1	0	1	0	0	0	0	0	0	0	0	0	0	0	0	0	0
CDKN2A	0	-1	0	-1	0	0	1	0	-1	0	0	-1	0	-1	0	-2	0	-1	0	0	-1	-1	0	-1	0	0	0	-1	0	0	0	-1	0	0	-1	-1	-1	-1	0	0
CDKN2C	0	0	0	0	-1	0	-1	0	0	0	0	0	0	-1	0	0	0	0	0	0	0	-1	-1	0	0	0	-1	0	-1	0	0	0	0	0	0	0	0	0	0	0
CDX2	-1	-1	-1	-1	-1	0	-1	-1	-1	-1	0	-1	-1	0	0	-1	0	-1	0	0	-1	0	0	-1	0	0	-1	0	-1	0	-1	-1	0	-1	-1	-1	-1	-1	0	-1
CEBPA	0	0	-1	0	0	-1	0	-1	1	0	0	0	0	0	0	0	0	0	0	0	0	0	0	0	0	0	0	0	0	0	0	0	-1	1	0	-1	0	0	0	0
CEP89	0	0	-1	0	0	-1	0	-1	1	0	0	0	0	0	1	0	-1	0	0	0	0	0	0	0	0	0	0	0	0	0	0	0	-1	1	1	-1	0	0	0	0
CHCHD7	0	0	-1	0	1	0	0	0	-1	0	0	0	0	0	0	0	0	0	0	0	0	0	0	0	0	0	0	0	-1	0	0	0	-1	0	0	0	0	0	0	0
CHD2	0	0	0	-1	-1	-1	-1	0	0	-1	0	-1	0	-1	0	0	-1	0	0	0	-1	0	0	0	0	0	0	-1	-1	0	0	-1	-1	-1	-1	0	-1	-1	0	0
CHD4	0	0	-1	0	0	0	0	0	0	0	-1	0	0	0	1	0	-1	0	-1	0	0	0	0	1	0	0	0	0	-1	0	0	0	0	0	0	0	0	0	0	0
CHEK2	-1	0	-1	-1	0	-1	-1	-1	0	-1	-1	-1	-1	0	-1	0	-1	0	0	-1	-1	-1	-1	-1	-1	0	-1	0	0	0	-1	-1	-1	-1	-1	-1	-1	-1	0	-1
CHIC2	0	0	0	0	-1	0	0	0	0	0	0	-1	0	0	0	0	-1	-1	0	0	0	-1	0	0	0	0	0	0	0	0	0	-1	0	0	-1	0	-1	0	0	0
CHST11	0	-1	0	0	-1	0	0	-1	0	0	0	-1	0	-1	0	0	-1	0	-1	0	0	-1	0	-1	0	0	0	-1	-1	0	0	-1	0	0	0	0	0	-1	-1	0
CIC	0	0	-1	0	0	-1	0	-1	0	0	0	0	0	0	0	-1	-1	0	0	0	0	0	0	-1	-1	0	-1	0	0	0	0	0	-1	-1	-1	-1	0	0	0	0
CIITA	0	0	0	0	-1	-1	0	0	0	-1	0	0	0	0	0	0	-1	0	-1	0	0	0	0	0	0	0	0	0	0	0	0	0	0	0	0	0	0	0	0	0
CLIP1	0	-1	0	0	-1	-1	0	-1	0	0	-1	-1	0	-1	0	0	-1	0	-1	0	0	-1	0	-1	0	0	-1	-1	-1	0	0	0	-1	0	0	0	0	-1	-1	0
CLP1	0	0	0	0	0	-1	0	0	-1	0	0	0	0	0	0	0	0	0	0	-1	0	0	0	0	0	0	0	-1	0	-1	0	0	0	0	0	0	0	-1	0	0
CLTC	-1	-1	-1	-1	-1	-1	-1	-1	-1	-1	-1	-1	-1	-1	-1	-1	-1	-1	-1	-1	-1	-1	-1	-1	-1	0	-1	-1	-1	0	-1	-1	-1	-1	-1	-1	-1	-1	-1	-1
CLTCL1	-1	0	-1	-1	0	-1	-1	-1	0	-1	-1	-1	-1	0	-1	-1	-1	0	0	-1	-1	-1	-1	-1	-1	0	-1	0	0	0	-1	-1	-1	-1	-1	-1	-1	-1	0	-1
CNBD1	0	0	-1	0	0	0	0	0	-1	0	-1	-1	-1	0	0	0	0	0	0	-1	0	0	0	0	0	0	0	0	-1	0	0	-1	-1	-1	0	0	-1	0	0	0
CNBP	0	0	0	0	0	0	0	0	0	-1	0	0	0	-1	0	0	0	0	0	0	0	0	0	0	0	0	0	0	0	0	0	0	0	0	0	-1	0	0	0	-1
CNOT3	0	0	-1	0	0	-1	0	-1	0	0	-1	0	0	0	-1	-1	-1	0	0	-1	0	0	0	0	-1	0	-1	-1	0	0	0	0	0	-1	-1	-1	-1	0	-1	0
CNTNAP2	0	0	0	0	-1	-1	0	0	0	0	-1	-1	0	0	0	0	0	-1	0	-1	0	-1	0	0	0	0	0	-1	0	0	0	0	0	0	0	0	0	0	-1	0
CNTRL	0	0	0	0	-1	0	0	-1	-1	0	-1	0	0	-1	0	0	0	-1	0	0	-1	-1	0	-1	0	0	0	0	-1	0	0	-1	0	0	-1	-1	-1	0	-1	0
COL1A1	-1	-1	-1	-1	-1	-1	-1	-1	-1	-1	-1	-1	-1	-1	-1	-1	-1	-1	-1	-1	-1	-1	-1	-1	0	0	-1	-1	-1	-1	-1	-1	-1	-1	-1	-1	-1	-1	-1	-1
COL2A1	1	-1	0	0	-1	0	0	0	0	0	0	-1	0	-1	0	0	-1	0	-1	0	0	0	0	0	0	0	0	-1	-1	0	0	0	0	0	0	0	0	0	-1	0
COL3A1	0	0	0	0	0	0	0	0	0	0	0	0	0	0	0	0	0	0	0	0	-1	0	0	0	-1	0	0	0	0	0	0	0	0	0	-1	-1	0	-1	0	-1
COX6C	0	0	0	-1	0	0	0	0	-1	-1	-1	-1	-1	0	0	0	0	0	0	0	0	0	0	0	0	0	0	0	-1	0	0	0	-1	-1	0	0	0	0	0	0
CPEB3	0	-1	0	-1	-1	-1	0	0	0	-1	-1	-1	-1	0	0	0	-1	0	0	0	0	0	0	0	0	0	-1	0	0	0	0	-1	0	0	0	-1	0	-1	0	-1
CREB1	0	0	0	-1	0	0	0	0	0	0	0	0	0	0	0	0	0	0	0	-1	-1	-1	0	0	-1	0	0	0	0	0	0	0	0	0	-1	-1	0	-1	0	0
CREB3L1	-1	0	0	0	0	0	0	0	-1	0	0	0	0	0	0	0	0	0	0	0	-1	0	0	0	0	0	0	-1	0	-1	0	0	-1	0	0	0	-1	0	0	0
CREB3L2	0	0	0	0	-1	0	0	0	0	0	0	-1	0	0	0	0	0	0	0	-1	0	0	0	0	0	0	0	-1	0	0	0	0	0	0	0	0	0	0	1	0
CREBBP	0	0	0	0	-1	-1	0	0	0	-1	0	0	0	0	0	0	-1	0	-1	0	0	0	0	0	0	0	-1	-1	0	0	-1	0	0	-1	0	0	0	0	0	-1
CRLF2	-1	-1	-1	-1	-1	-1	-1	-1	-1	-1	-1	-1	-1	-1	-1	-1	-1	-1	-1	-1	-1	-1	-1	-1	-1	-1	-1	-1	-1	-1	-1	-1	-1	-1	-1	-1	-1	-1	-1	-1
CRNKL1	0	0	-1	0	0	0	0	0	0	0	-1	0	0	0	0	0	0	0	0	0	0	0	0	0	0	0	0	0	-1	0	0	0	0	0	0	0	0	0	0	0
CRTC1	0	0	-1	-1	0	0	0	0	-1	-1	0	0	0	0	0	0	0	0	0	0	0	0	0	0	0	0	0	0	0	0	0	-1	-1	0	0	-1	0	0	0	0
CRTC3	0	0	0	-1	-1	-1	-1	0	0	-1	0	-1	0	-1	0	0	-1	0	-1	0	-1	0	0	0	0	0	-1	-1	-1	-1	1	-1	-1	-1	-1	0	-1	-1	0	0
CSF1R	0	0	0	0	-1	0	0	0	-1	-1	-1	0	0	0	-1	-1	-1	-1	0	0	-1	-1	0	-1	0	0	-1	-1	0	0	0	-1	0	0	0	-1	0	0	0	0
CSF3R	0	0	0	0	-1	0	-1	0	0	0	0	0	0	-1	0	0	0	0	0	0	0	0	-1	0	0	0	-1	1	0	0	0	0	0	0	0	0	0	-1	0	0
CSMD3	0	0	-1	0	0	0	0	1	-1	-1	-1	-1	0	0	0	0	0	0	0	0	0	0	0	0	0	0	0	-1	-1	0	0	0	0	0	0	0	0	0	0	0
CTCF	0	-1	-1	-1	-1	-1	-1	0	0	-1	-1	0	0	-1	0	0	-1	-1	-1	-1	-1	0	0	0	0	0	-1	-1	-1	-1	0	-1	-1	0	-1	-1	0	-1	-1	-1
CTNNA2	0	0	0	0	0	0	0	0	0	0	0	0	0	0	0	0	0	0	0	0	-1	0	0	0	0	0	0	0	0	0	0	0	0	0	0	0	0	0	-1	0
CTNNB1	0	0	0	-1	0	-1	0	-1	0	-1	-1	-1	0	-1	0	-1	-1	0	-1	0	-1	0	0	0	0	0	-1	0	-1	0	0	0	0	0	0	0	0	0	-1	0
CTNND1	0	0	0	0	0	-1	0	0	-1	0	0	0	0	0	0	0	0	0	0	-1	0	0	0	0	0	0	0	-1	0	-1	0	0	0	0	0	0	0	-1	0	0
CTNND2	0	0	0	0	-1	0	0	0	1	-1	0	0	-1	0	0	0	0	0	0	0	-1	0	0	-1	0	0	0	0	1	0	0	0	0	0	0	-1	0	0	0	0
CUL3	0	0	0	-1	0	0	0	0	0	0	0	0	0	0	0	0	0	0	0	-1	-1	-1	0	0	-1	0	0	0	-1	0	0	-1	0	0	-1	-1	0	-1	0	0
CUX1	0	0	0	0	-1	0	0	0	0	0	-1	-1	0	0	0	0	0	0	-1	-1	0	-1	0	0	0	0	0	-1	-1	0	0	0	0	0	0	0	0	0	0	0
CXCR4	0	0	0	-1	0	-1	0	0	0	0	-1	-1	0	0	1	0	0	-1	-1	0	-1	0	0	0	-1	-1	0	-1	0	0	0	0	0	0	-1	-1	0	-1	0	0
CYLD	0	0	0	-1	0	-1	-1	0	0	-1	0	0	0	-1	0	0	-1	0	-1	-1	-1	0	0	0	0	0	0	-1	0	-1	0	0	0	0	-1	0	0	-1	0	-1
CYP2C8	0	-1	0	-1	-1	-1	0	0	0	-1	-1	-1	-1	0	0	0	-1	0	0	0	0	0	0	0	0	0	-1	-1	0	0	0	-1	0	0	0	-1	0	-1	0	-1
CYSLTR2	-1	-1	-1	-1	-1	-1	-1	-1	-1	-1	0	-1	-1	-1	0	-1	0	-1	-1	0	-1	-1	0	-1	0	0	-1	0	-1	0	-1	-1	0	-1	-1	-1	-1	-1	0	-1
DAXX	0	0	0	-1	-1	0	0	-1	-1	-1	0	-1	0	0	0	-1	-1	-1	0	0	-1	0	-1	-1	0	0	0	-1	0	-1	0	0	0	0	-1	0	0	0	0	0
DCAF12L2	0	-1	0	-1	0	0	-1	0	-1	-1	-1	0	0	0	-1	-1	-1	-1	0	-1	-1	-1	0	-1	-1	-1	0	-1	-1	0	-1	-1	-1	0	-1	0	-1	-1	-1	0
DCC	-1	0	-1	-1	-1	-1	0	-1	-1	0	-1	-1	0	0	-1	0	-1	-1	-1	0	-1	0	0	0	0	0	-1	0	0	0	0	-1	0	0	0	-1	0	-1	-1	-1
DCTN1	0	0	0	0	0	0	0	0	0	0	0	0	0	0	0	0	0	0	0	0	-1	0	0	0	0	0	0	0	0	0	0	0	0	0	0	0	0	0	-1	0
DDB2	-1	0	0	0	0	0	0	0	-1	0	0	0	0	0	0	0	0	0	0	0	-1	0	0	0	0	0	0	-1	0	-1	0	0	-1	0	0	0	-1	0	0	0
DDIT3	0	-1	0	0	-1	0	0	-1	0	0	0	-1	0	-1	0	0	-1	0	-1	0	0	0	0	0	0	0	0	-1	-1	0	0	0	0	0	0	0	0	0	-1	0
DDR2	0	0	0	0	0	-1	0	0	0	0	0	0	0	0	0	-1	0	0	1	0	0	0	-1	0	0	0	0	0	0	0	0	0	0	0	0	0	0	0	0	0
DDX10	0	0	0	-1	0	-1	0	0	-1	0	0	0	0	0	-1	-1	0	0	0	-1	0	0	0	0	0	0	-1	0	0	0	1	0	0	0	0	0	-1	-1	0	0
DDX3X	0	-1	0	0	0	0	1	0	0	-1	-1	0	-1	-1	-1	-1	-1	-1	0	-1	-1	0	0	0	-1	0	0	-1	-1	0	-1	-1	-1	-1	-1	0	0	-1	-1	0
DDX5	1	-1	-1	-1	-1	-1	-1	-1	-1	-1	-1	-1	-1	-1	-1	-1	-1	-1	-1	-1	-1	-1	0	-1	-1	0	-1	-1	-1	0	-1	-1	-1	-1	-1	-1	-1	-1	-1	-1
DDX6	0	0	0	-1	0	-1	0	0	-1	0	-1	-1	0	0	-1	-1	0	0	-1	-1	0	0	0	0	0	0	-1	0	-1	0	0	0	0	0	0	0	-1	0	0	0
DEK	0	0	0	-1	0	0	0	-1	-1	-1	-1	0	-1	0	0	-1	-1	0	0	0	0	0	-1	-1	0	0	0	-1	0	-1	0	0	0	0	-1	0	1	0	0	0
DGCR8	-1	0	-1	-1	0	-1	-1	-1	0	-1	-1	-1	-1	0	-1	-1	-1	0	0	-1	-1	-1	0	-1	0	0	-1	0	0	0	-1	-1	-1	-1	-1	0	-1	0	0	-1
DICER1	0	-1	0	-1	0	-1	0	-1	-1	0	0	-1	0	0	0	-1	-1	0	-1	0	0	-1	0	0	0	0	-1	-1	-1	-1	0	-1	0	0	0	-1	-1	0	-1	0
DNAJB1	0	0	0	-1	0	-1	0	0	1	0	0	-1	0	0	0	0	0	0	0	0	0	0	0	0	0	0	0	0	0	0	0	-1	-1	0	0	-1	0	0	0	0
DNM2	0	0	-1	-1	-1	-1	0	-1	-1	0	0	-1	0	0	0	0	0	-1	0	0	0	0	0	0	-1	0	0	0	0	0	-1	-1	-1	0	0	-1	0	0	0	0
DNMT3A	0	0	0	-1	0	0	0	0	0	-1	0	-1	0	0	0	0	0	0	0	0	0	0	0	0	0	0	0	0	0	0	0	-1	0	0	0	0	0	0	-1	0
DROSHA	0	0	0	0	-1	0	2	0	0	-1	0	0	-1	0	0	0	0	0	0	0	-1	0	0	-1	0	0	0	0	1	0	2	0	0	0	0	-1	0	0	0	0
DUX4	1	1	1	1	1	1	1	1	1	1	-1	1	1	1	1	1	1	1	1	1	-1	-1	-1	1	1	-1	1	1	-1	1	1	1	1	1	-1	1	1	1	1	1
EBF1	0	0	0	0	-1	0	0	0	-1	-1	-1	0	-1	0	-1	-1	-1	-1	0	0	-1	-1	0	-1	0	0	-1	-1	0	0	0	-1	0	-1	0	-1	0	0	0	0
ECT2L	0	-1	0	0	-1	-1	0	-1	-1	-1	-1	-1	0	-1	0	0	-1	-1	-1	0	-1	-1	0	0	0	0	0	-1	-1	-1	-1	-1	-1	0	0	0	0	-1	0	-1
EED	0	0	0	-1	0	-1	0	0	-1	0	0	-1	-1	0	-1	0	0	0	0	0	0	0	0	1	0	0	-1	0	0	0	0	0	0	0	0	0	-1	0	0	0
EGFR	0	0	0	-1	0	0	0	0	0	0	-1	-1	0	0	0	0	0	0	0	0	-1	-1	0	0	0	0	0	0	0	0	0	0	-1	0	0	0	0	0	0	0
EIF1AX	0	-1	0	-1	0	0	0	-1	0	-1	-1	0	-1	-1	-1	-1	-1	-1	0	-1	-1	0	0	0	-1	0	0	-1	-1	0	-1	-1	-1	0	-1	0	0	-1	-1	0
EIF3E	0	0	0	0	0	0	0	1	-1	-1	-1	-1	-1	0	0	0	0	0	0	0	0	0	0	0	0	0	0	-1	-1	0	0	0	1	0	0	0	0	0	0	0
EIF4A2	-1	1	0	0	-1	0	0	0	0	-1	0	0	0	-1	0	0	1	0	-1	0	0	0	0	0	0	0	0	-1	-1	0	0	0	0	0	0	0	0	-1	-1	0
ELF3	0	0	0	0	0	0	0	0	-1	0	0	0	0	0	0	-1	0	0	-1	0	-1	0	-1	0	0	0	0	0	0	0	0	0	0	0	0	0	1	0	0	0
ELF4	0	-1	0	-1	0	0	-1	0	-1	-1	-1	0	0	0	-1	-1	-1	-1	0	-1	-1	-1	0	-1	-1	0	0	-1	-1	0	-1	0	-1	0	-1	0	-1	-1	-1	0
ELK4	0	0	0	0	0	0	0	0	-1	0	0	0	0	0	0	-1	0	0	-1	0	-1	0	-1	0	0	0	0	-1	0	0	0	0	0	0	0	0	1	0	0	0
ELL	0	0	1	-1	0	0	0	0	-1	0	0	0	0	0	0	0	0	0	0	0	0	0	0	0	0	0	0	0	0	0	0	-1	-1	0	0	-1	0	0	0	0
ELN	0	0	0	0	-1	0	0	0	0	0	-1	-1	0	0	0	0	0	0	-1	-1	0	0	0	0	0	0	0	-1	0	0	0	0	0	0	0	0	0	0	-1	0
ELOF1	0	0	0	-1	0	0	0	-1	-1	0	0	-1	0	0	0	0	0	-1	0	0	0	0	0	0	0	0	0	0	0	0	-1	-1	-1	0	0	-1	0	0	0	0
EME1	-1	-1	-1	-1	-1	-1	-1	-1	-1	-1	-1	-1	-1	-1	-1	-1	-1	-1	-1	-1	-1	-1	-1	-1	0	0	-1	-1	-1	-1	-1	-1	-1	-1	-1	-1	-1	-1	-1	-1
EML4	0	0	0	-1	0	0	0	0	0	0	0	0	0	0	0	0	0	0	0	0	0	0	0	0	0	0	-1	0	0	0	0	0	0	0	0	0	0	0	-1	0
EP300	-1	0	-1	-1	0	-1	-1	-1	0	-1	-1	-1	-1	-1	-1	-1	-1	0	-1	-1	-1	-1	-1	-1	-1	0	-1	-1	0	0	-1	-1	-1	-1	-1	-1	-1	-1	0	-1
EPAS1	0	0	0	0	0	0	0	0	0	0	0	0	0	0	0	0	0	0	0	0	0	0	0	0	0	0	0	0	0	0	0	0	0	0	0	0	0	0	-1	0
EPHA3	0	0	0	0	-1	0	0	0	0	-1	0	0	0	0	0	0	0	0	0	-1	0	0	0	0	0	0	0	0	0	0	0	-1	-1	0	0	0	0	0	0	0
EPHA7	0	-1	0	0	0	-1	0	-1	-1	-1	-1	-1	0	-1	0	0	-1	0	0	0	-1	0	0	0	0	-1	0	-1	0	-1	0	-1	-1	0	-1	0	0	-1	-1	0
EPS15	0	0	0	0	-1	0	-1	0	0	0	0	0	0	-1	0	0	0	0	0	0	0	0	-1	0	0	0	-1	0	-1	0	0	0	0	0	0	0	-1	0	0	0
ERAP1	0	0	0	0	-1	-1	0	0	-1	-1	-1	0	-1	-1	-1	-1	-1	-1	-1	0	-1	-1	0	-1	0	0	-1	-1	-1	0	0	-1	0	0	0	-1	0	-1	0	0
ERAP2	0	0	0	0	-1	-1	0	0	-1	-1	-1	0	-1	-1	-1	-1	-1	-1	-1	0	-1	-1	0	-1	0	0	-1	-1	-1	0	0	-1	0	0	0	-1	0	-1	0	0
ERBB2	-1	-1	-1	-1	-1	-1	-1	-1	-1	-1	-1	-1	-1	-1	-1	-1	-1	-1	-1	2	-1	-1	-1	-1	-1	0	-1	-1	-1	-1	-1	-1	-1	-1	-1	-1	-1	-1	-1	-1
ERBB3	0	-1	0	0	-1	0	0	-1	0	0	0	-1	0	-1	0	0	-1	0	-1	0	0	0	0	0	0	0	0	-1	-1	0	0	0	0	0	0	0	0	0	-1	0
ERBB4	0	0	0	-1	0	0	0	0	0	0	0	0	-1	0	0	0	0	0	0	-1	-1	-1	0	0	-1	0	0	0	-1	0	0	-1	0	0	-1	-1	0	-1	0	0
ERC1	0	0	-1	0	0	0	0	0	0	0	-1	0	0	0	0	0	-1	0	-1	0	0	0	0	1	0	0	0	-1	-1	0	0	0	0	0	0	0	0	0	1	0
ERCC2	0	0	-1	0	0	-1	0	-1	0	0	0	0	0	0	0	-1	-1	0	-1	0	0	0	0	0	-1	0	-1	-1	0	0	0	0	0	-1	-1	-1	0	0	-1	0
ERCC3	0	0	0	-1	0	-1	0	0	0	0	-1	-1	-1	0	0	0	0	0	-1	0	-1	0	0	0	0	-1	0	0	0	0	0	0	0	0	-1	-1	0	-1	0	0
ERCC4	0	0	0	0	-1	-1	0	0	0	-1	0	0	0	0	0	0	-1	0	-1	1	0	0	0	0	0	0	0	0	0	0	0	0	0	-1	0	0	0	-1	0	0
ERCC5	-1	0	-1	-1	-1	-1	-1	-1	0	-1	0	-1	-1	0	0	-1	0	-1	0	0	-1	-1	0	-1	0	0	-1	0	-1	0	-1	-1	0	-1	0	-1	-1	-1	-1	-1
ERG	0	0	0	-1	-1	-1	-1	0	0	-1	0	0	0	-1	0	0	-1	0	-1	0	0	0	0	0	0	0	0	-1	-1	0	0	-1	-1	0	-1	-1	0	-1	0	0
ESR1	0	-1	0	-1	-1	-1	0	-1	-1	-1	-1	-1	0	-1	0	0	-1	-1	-1	0	-1	-1	0	0	0	0	0	-1	-1	-1	-1	-1	-1	0	-1	0	0	-1	0	-1
ETNK1	0	0	0	0	0	0	0	0	0	0	0	0	0	0	0	0	-1	0	-1	0	0	0	0	1	0	0	0	0	-1	0	0	0	0	0	0	0	0	0	0	0
ETV1	0	0	-1	-1	-1	0	0	-1	0	0	-1	-1	0	0	0	0	0	0	-1	0	-1	-1	0	0	0	0	-1	-1	0	0	0	-1	-1	0	0	0	0	-1	-1	0
ETV4	-1	-1	-1	-1	-1	-1	-1	-1	-1	-1	-1	-1	-1	-1	-1	-1	-1	-1	-1	-1	-1	-1	-1	-1	-1	0	-1	-1	-1	-1	-1	-1	-1	-1	-1	-1	-1	-1	-1	-1
ETV5	0	1	0	0	-1	0	0	0	0	-1	0	0	0	-1	0	0	1	0	0	0	0	0	0	0	0	0	0	-1	-1	0	0	0	0	0	0	0	0	-1	0	0
ETV6	0	0	0	0	0	0	0	0	0	0	-1	0	0	0	1	0	-1	0	-1	0	0	0	0	1	0	1	0	0	-1	0	0	0	0	0	0	0	0	0	0	0
EWSR1	-1	0	-1	-1	0	-1	-1	-1	0	-1	-1	-1	-1	0	-1	-1	-1	0	0	-1	-1	-1	-1	-1	-1	0	-1	0	0	0	-1	-1	-1	-1	-1	-1	-1	-1	0	-1
EXT1	0	0	-1	0	0	1	0	1	-1	0	-1	-1	0	0	0	0	0	0	0	0	0	1	0	0	0	0	0	-1	-1	0	0	0	0	0	0	1	0	0	0	0
EXT2	-1	0	0	0	0	0	0	0	-1	0	0	0	0	0	0	0	0	0	0	0	-1	0	0	0	0	0	-1	0	0	-1	0	0	-1	0	0	0	-1	0	0	0
EZH2	0	0	0	0	-1	-1	0	0	0	0	-1	-1	0	0	0	0	0	-1	0	-1	0	-1	0	0	0	0	0	-1	0	0	0	0	0	0	0	0	0	0	-1	0
EZR	0	-1	0	-1	-1	-1	0	-1	-1	-1	-1	-1	-1	-1	0	0	-1	-1	-1	0	-1	-1	0	-1	0	0	0	-1	-1	-1	-1	-1	-1	0	-1	0	0	-1	-1	-1
FAM131B	0	0	0	0	-1	-1	0	0	0	0	-1	-1	0	0	0	0	0	-1	0	-1	0	0	0	0	0	0	0	-1	0	0	0	0	0	0	0	0	0	0	1	0
FAM135B	0	0	-1	0	1	1	0	1	-1	-1	-1	-1	0	0	0	0	0	1	0	0	0	1	0	0	0	0	-1	-1	-1	0	0	0	-1	0	0	0	0	0	1	0
FAM46C	0	0	0	0	0	0	0	0	0	0	0	0	0	0	0	-1	0	0	0	0	0	0	-1	0	0	0	-1	-1	0	0	0	0	0	0	0	0	0	0	0	0
FAM47C	0	0	0	0	0	0	0	0	0	-1	-1	0	-1	0	-1	-1	-1	-1	0	-1	-1	0	0	0	-1	-1	0	-1	-1	0	-1	-1	-1	0	-1	0	0	-1	0	0
FANCA	0	-1	-1	-1	-1	-1	-1	0	0	-1	-1	0	0	-1	0	0	-1	0	-1	-1	-1	0	0	0	0	0	-1	-1	0	-1	0	0	-1	0	0	-1	0	-1	0	-1
FANCC	0	0	0	0	-1	0	0	0	-1	0	0	0	0	-1	0	0	-1	-1	-1	0	-1	-1	0	-1	0	-1	0	0	-1	0	0	-1	0	0	-1	-1	-1	0	0	0
FANCD2	0	0	0	-1	0	-1	0	-1	0	-1	-1	-1	-1	-1	0	-1	-1	-1	-1	-1	-1	0	0	0	0	0	-1	-1	-1	0	0	0	0	-1	0	0	0	0	-1	0
FANCE	0	0	0	-1	-1	0	0	-1	-1	-1	0	-1	0	0	0	-1	-1	-1	0	0	-1	0	-1	-1	0	0	0	-1	0	-1	0	0	0	0	-1	0	0	0	0	0
FANCF	-1	-1	0	0	0	-1	0	0	-1	0	0	0	0	0	-1	0	0	-1	0	0	-1	0	0	0	0	0	-1	0	0	-1	0	0	-1	0	0	0	-1	0	0	0
FANCG	0	-1	0	-1	0	0	0	0	0	0	0	-1	0	-1	0	0	0	-1	0	0	0	0	0	-1	0	0	0	-1	0	0	0	-1	0	0	-1	-1	-1	-1	0	0
FAS	0	-1	0	0	-1	-1	0	0	0	-1	-1	-1	-1	0	0	0	-1	0	0	0	0	0	0	0	0	0	-1	0	0	0	0	-1	0	0	0	-1	0	-1	0	-1
FAT1	0	-1	0	-1	-1	-1	0	0	-1	-1	-1	-1	-1	0	0	-1	-1	-1	-1	0	0	0	0	0	0	0	-1	-1	-1	0	-1	-1	0	0	-1	-1	-1	-1	-1	0
FAT3	0	0	0	-1	0	-1	0	0	-1	0	0	-1	0	0	-1	0	0	0	0	-1	0	0	0	0	0	0	-1	0	0	0	0	0	0	0	0	0	1	0	0	0
FAT4	0	-1	0	-1	-1	-1	0	0	0	-1	-1	-1	-1	0	0	-1	-1	-1	-1	0	0	-1	0	0	0	0	-1	-1	0	0	0	-1	0	0	-1	-1	-1	-1	-1	0
FBLN2	0	0	0	-1	0	-1	0	-1	0	-1	-1	-1	-1	-1	0	-1	-1	-1	-1	-1	0	0	0	0	0	0	-1	0	-1	0	0	0	0	-1	0	0	0	0	-1	0
FBXO11	0	0	0	0	0	0	0	0	0	0	0	0	0	0	0	0	0	0	0	0	0	0	0	0	0	0	0	0	0	0	0	0	0	0	0	0	0	0	-1	0
FBXW7	0	-1	0	-1	-1	-1	0	0	0	-1	-1	-1	-1	0	0	-1	-1	-1	-1	0	0	-1	0	0	0	0	-1	-1	0	0	-1	-1	0	0	-1	-1	-1	-1	-1	0
FCGR2B	0	0	0	0	0	0	0	0	0	0	0	0	0	0	0	-1	0	0	0	0	0	0	0	0	0	0	0	0	0	0	1	0	1	0	0	0	1	0	0	0
FCRL4	0	0	0	0	0	0	0	0	0	0	0	0	0	0	0	-1	0	0	0	0	0	0	-1	0	0	0	0	0	0	0	0	0	0	0	0	0	0	0	0	0
FEN1	0	0	0	0	0	-1	0	0	-1	0	0	0	0	0	0	0	0	0	0	0	0	0	0	0	0	0	0	-1	0	-1	0	0	0	0	0	0	-1	-1	0	0
FES	0	0	0	-1	-1	-1	-1	0	0	-1	0	-1	0	-1	0	0	-1	0	0	0	-1	0	0	0	0	0	-1	-1	-1	-1	1	-1	-1	-1	-1	0	-1	-1	0	0
FEV	0	0	0	-1	0	0	0	0	0	0	0	0	0	0	0	0	0	0	0	-1	-1	-1	0	0	-1	0	0	0	-1	0	0	0	0	0	-1	-1	0	-1	0	0
FGFR1	0	0	1	0	0	0	0	-1	-1	0	0	0	-1	0	0	0	0	0	0	-1	-1	0	0	0	0	0	0	0	-1	-1	0	0	-1	0	0	0	-1	0	0	0
FGFR1OP	0	-1	0	-1	-1	-1	0	-1	-1	-1	-1	-1	-1	-1	0	0	-1	-1	-1	0	-1	-1	0	-1	0	0	0	-1	-1	-1	-1	-1	-1	0	-1	0	0	-1	-1	-1
FGFR2	0	-1	0	-1	0	-1	0	0	0	-1	-1	0	-1	0	0	0	-1	0	0	0	0	0	0	0	0	-1	0	-1	0	0	0	-1	0	0	0	0	0	-1	0	-1
FGFR3	0	0	0	-1	-1	0	0	0	0	0	0	0	-1	0	0	0	-1	-1	0	0	0	-1	0	0	0	0	-1	0	-1	0	0	0	0	0	-1	0	-1	0	0	0
FGFR4	0	0	0	0	-1	0	0	0	-1	-1	-1	0	0	0	-1	0	-1	-1	0	0	-1	-1	0	-1	0	0	-1	-1	0	0	0	-1	0	0	0	-1	0	0	0	0
FH	0	0	0	-1	0	0	0	0	-1	0	0	0	0	0	0	0	0	0	0	0	-1	0	-1	0	0	0	0	-1	0	0	0	0	0	0	0	0	0	-1	0	0
FHIT	0	0	0	-1	0	-1	0	-1	0	-1	0	-1	-1	0	0	0	-1	0	-1	-1	-1	0	0	0	0	0	0	0	0	0	0	0	0	-1	0	0	0	0	0	0
FIP1L1	0	0	0	0	-1	0	0	0	0	0	0	-1	0	0	0	0	-1	-1	0	0	0	-1	0	0	0	0	0	0	0	0	0	0	0	0	-1	0	-1	0	0	0
FKBP9	0	0	0	0	0	0	0	-1	1	0	-1	-1	0	0	0	0	0	0	-1	0	0	-1	0	0	0	0	0	-1	0	0	-1	0	-1	0	0	0	0	0	-1	0
FLCN	-1	-1	-1	-1	-1	-1	-1	-1	-1	-1	-1	-1	-1	-1	-1	-1	-1	-1	-1	-1	-1	-1	-1	-1	-1	0	-1	-1	-1	-1	-1	-1	-1	-1	-1	-1	-1	-1	-1	-1
FLI1	0	0	0	-1	0	-1	0	0	-1	0	-1	0	0	-1	-1	-1	0	0	-1	-1	0	0	0	0	0	0	-1	0	-1	0	0	0	0	0	0	0	0	0	0	0
FLNA	0	-1	0	-1	0	0	-1	0	-1	-1	-1	0	0	0	-1	-1	-1	-1	0	-1	-1	-1	0	-1	-1	0	0	-1	-1	0	-1	0	0	0	-1	0	-1	-1	-1	0
FLT3	-1	-1	-1	-1	-1	0	-1	-1	-1	-1	0	-1	-1	0	0	-1	0	-1	0	0	-1	0	0	-1	0	0	-1	0	-1	0	-1	-1	0	-1	-1	-1	-1	-1	0	-1
FLT4	0	0	0	0	-1	0	0	0	-1	-1	-1	2	-1	0	-1	0	-1	-1	0	0	-1	-1	0	-1	0	0	-1	-1	0	0	0	-1	0	0	0	-1	0	0	0	0
FNBP1	0	0	-1	-1	-1	0	0	0	-1	0	-1	-1	0	-1	0	0	0	-1	-1	0	-1	-1	-1	-1	0	0	0	0	0	0	0	-1	0	0	-1	-1	-1	0	-1	0
FOXA1	0	-1	0	0	0	-1	0	-1	-1	0	0	-1	0	0	0	0	-1	0	-1	0	0	-1	0	0	0	0	-1	0	0	-1	0	0	0	0	0	0	-1	0	0	0
FOXL2	0	0	0	0	0	0	0	0	0	-1	-1	0	0	-1	0	1	0	0	0	0	0	0	0	0	0	0	0	0	0	0	0	0	0	0	0	-1	0	0	0	-1
FOXO1	-1	-1	-1	-1	-1	-1	-1	-1	-1	-1	0	-1	-1	-1	0	-1	0	-1	-1	0	-1	0	0	-1	0	0	-1	0	-1	0	-1	-1	0	-1	-1	-1	-1	-1	0	-1
FOXO3	0	-1	0	0	-1	-1	0	-1	-1	-1	-1	-1	-1	-1	0	0	-1	0	0	0	-1	0	0	0	0	0	0	-1	-1	-1	0	0	-1	0	-1	0	0	-1	0	-1
FOXO4	0	-1	0	-1	0	0	-1	0	0	-1	-1	0	0	0	-1	-1	-1	-1	0	-1	-1	0	0	0	-1	0	0	-1	-1	0	-1	-1	-1	-1	-1	0	0	-1	-1	0
FOXP1	0	0	0	-1	0	-1	0	0	0	-1	0	-1	0	0	0	0	-1	0	-1	-1	-1	0	0	0	0	0	0	0	0	0	0	0	0	0	0	0	0	0	0	0
FOXR1	0	0	0	-1	0	-1	0	0	-1	0	-1	0	0	-1	-1	-1	0	0	-1	-1	0	0	0	0	0	0	-1	0	-1	0	0	0	0	0	0	0	-1	0	0	0
FSTL3	0	-1	-1	0	-1	-1	-1	-1	-1	-1	-1	-1	-1	-1	0	0	-1	0	-1	-1	0	-1	-1	0	-1	0	-1	-1	0	-1	0	-1	-1	0	0	-1	0	-1	0	0
FUBP1	0	0	0	0	-1	0	-1	0	0	0	0	0	0	-1	0	-1	0	-1	0	1	0	0	-1	0	0	0	-1	0	-1	0	0	0	0	0	0	0	-1	0	0	0
FUS	0	0	0	-1	0	-1	0	0	0	-1	0	0	-1	0	0	0	-1	0	-1	-1	0	0	0	0	0	0	0	0	0	0	0	0	0	0	0	0	0	0	0	0
GAS7	-1	-1	-1	-1	-1	-1	-1	-1	-1	-1	-1	-1	-1	-1	-1	-1	-1	-1	-1	-1	-1	-1	-1	-1	-1	0	-1	-1	-1	-1	-1	-1	-1	-1	-1	-1	-1	-1	-1	-1
GATA1	0	-1	0	-1	0	0	0	0	0	-1	-1	0	-1	-1	-1	-1	-1	-1	0	-1	-1	0	0	0	-1	0	0	-1	-1	0	-1	-1	-1	-1	-1	0	0	-1	-1	0
GATA2	0	0	0	0	0	0	0	0	0	-1	0	0	0	-1	0	0	0	0	0	0	0	0	0	0	0	0	0	0	0	0	0	0	0	0	0	-1	0	0	0	-1
GATA3	0	0	0	0	-1	0	0	0	0	0	0	0	0	-1	0	0	0	0	-1	0	-1	0	0	0	1	0	0	0	0	0	0	0	0	0	0	-1	0	0	0	0
GLI1	0	-1	0	0	-1	0	0	-1	0	0	0	-1	0	-1	0	0	-1	0	-1	0	0	0	0	0	0	0	0	-1	-1	0	0	0	0	0	0	0	0	0	-1	0
GMPS	0	0	0	0	0	-1	0	0	0	-1	-1	0	0	-1	0	0	0	0	0	0	0	0	0	0	0	0	0	0	-1	0	0	1	0	0	0	-1	0	0	0	-1
GNA11	0	-1	-1	-1	-1	-1	-1	-1	0	-1	0	-1	0	-1	0	0	-1	-1	-1	-1	0	-1	-1	0	-1	0	-1	-1	0	-1	0	-1	-1	0	0	-1	0	0	0	0
GNAQ	0	-1	0	0	-1	0	0	0	-1	0	0	0	0	-1	0	0	0	-1	0	0	-1	0	0	-1	0	0	0	0	-1	0	0	-1	0	0	-1	-1	-1	0	0	0
GNAS	0	0	-1	-1	0	0	0	0	0	-1	0	0	0	0	0	0	0	0	0	0	0	0	0	0	0	0	0	0	0	0	0	0	0	0	0	0	0	0	0	0
GOLGA5	0	-1	0	-1	0	-1	0	-1	-1	0	0	-1	0	0	0	-1	-1	0	-1	0	0	-1	0	0	0	0	-1	-1	-1	-1	0	-1	0	0	0	-1	-1	0	-1	0
GOPC	0	-1	0	-1	-1	-1	0	-1	-1	-1	-1	-1	0	-1	0	0	-1	0	-1	0	-1	-1	0	-1	0	0	0	-1	-1	-1	0	0	-1	0	-1	0	0	-1	0	-1
GPC3	0	-1	0	-1	0	0	-1	0	-1	-1	-1	0	0	0	-1	-1	-1	-1	0	-1	-1	-1	0	-1	-1	0	0	-1	-1	0	-1	0	-1	0	-1	0	-1	-1	-1	0
GPC5	-1	0	-1	-1	-1	-1	-1	-1	0	-1	0	-1	-1	-1	0	-1	0	-1	0	0	-1	-1	0	-1	0	0	-1	0	-1	0	-1	-1	0	-1	0	-1	-1	-1	0	-1
GPHN	0	-1	0	-1	-1	-1	0	-1	-1	0	-1	-1	0	0	0	-1	-1	0	-1	0	0	-1	0	0	0	0	-1	-1	-1	-1	0	-1	0	0	0	0	-1	-1	-1	0
GRIN2A	0	0	0	0	-1	-1	0	0	0	-1	0	0	0	0	0	0	-1	0	-1	0	0	0	0	0	0	0	0	0	0	-1	0	0	0	-1	0	0	0	0	0	0
GRM3	0	0	0	-1	-1	0	0	0	0	0	-1	-1	0	0	0	0	0	0	-1	-1	0	0	0	0	0	0	0	-1	0	0	0	-1	0	0	0	0	0	0	0	0
H3F3A	0	0	0	0	0	0	0	0	-1	0	1	0	0	0	0	0	0	0	0	0	-1	0	-1	0	0	0	0	-1	0	0	0	0	0	0	0	0	0	0	0	0
H3F3B	-1	-1	-1	-1	-1	-1	-1	-1	-1	-1	-1	-1	-1	-1	-1	-1	-1	-1	-1	-1	-1	-1	-1	-1	-1	0	-1	-1	-1	0	-1	-1	-1	-1	-1	-1	-1	-1	-1	-1
HERPUD1	0	0	-1	0	-1	-1	-1	0	0	-1	-1	0	0	-1	0	0	-1	0	-1	-1	-1	0	0	0	0	0	0	-1	-1	-1	0	0	0	0	-1	-1	0	-1	0	-1
HEY1	0	0	0	0	-1	0	0	0	-1	1	-1	-1	-1	0	0	0	0	0	0	-1	0	0	0	-1	0	0	0	0	-1	0	0	-1	0	-1	0	0	-1	0	0	0
HIF1A	0	-1	0	-1	-1	-1	0	-1	-1	0	-1	-1	0	0	0	-1	-1	0	-1	0	0	-1	0	0	0	-1	-1	-1	-1	-1	0	-1	0	0	0	0	-1	0	-1	0
HIP1	0	0	0	0	-1	0	0	0	0	0	-1	-1	0	0	0	0	0	0	-1	-1	0	0	0	0	0	0	0	-1	0	0	0	0	0	0	0	0	0	0	-1	0
HIST1H3B	0	0	0	0	-1	0	0	-1	-1	-1	-1	0	-1	0	0	-1	-1	0	0	0	-1	0	-1	-1	0	0	0	-1	0	-1	0	0	-1	0	-1	0	0	0	0	0
HIST1H4I	0	0	0	0	-1	0	1	-1	-1	-1	-1	-1	-1	0	0	-1	-1	0	0	0	-1	0	-1	-1	0	0	0	-1	0	-1	0	0	-1	0	-1	0	0	0	0	0
HLA-A	0	0	0	-1	-1	0	0	-1	-1	-1	0	-1	0	0	0	-1	-1	0	0	0	-1	0	-1	-1	0	0	0	-1	0	-1	0	0	-1	0	-1	0	0	0	0	0
HLF	-1	-1	-1	0	-1	-1	-1	-1	-1	-1	-1	-1	-1	-1	-1	-1	-1	-1	-1	-1	-1	-1	-1	-1	-1	0	-1	-1	-1	-1	-1	-1	-1	-1	-1	-1	-1	-1	0	-1
HMGA1	0	0	0	-1	-1	0	0	-1	-1	-1	0	-1	0	0	0	-1	-1	-1	0	0	-1	0	-1	-1	0	0	0	-1	0	-1	0	0	0	0	-1	0	0	0	0	0
HMGA2	1	-1	0	0	-1	0	0	-1	0	0	0	-1	0	-1	0	0	-1	0	-1	0	0	0	1	0	0	0	-1	-1	-1	0	0	0	0	0	0	0	0	0	-1	0
HMGN2P46	0	-1	0	0	-1	0	-1	0	0	-1	-1	0	-1	-1	-1	0	-1	-1	-1	0	-1	0	0	0	0	0	0	-1	-1	-1	0	-1	-1	-1	-1	0	-1	-1	0	0
HNF1A	0	-1	0	0	-1	-1	0	-1	0	0	-1	-1	0	-1	0	0	-1	0	-1	0	0	-1	0	-1	0	0	0	-1	-1	0	0	-1	0	0	0	-1	-1	-1	-1	0
HNRNPA2B1	0	0	0	0	-1	0	0	-1	0	0	-1	-1	0	0	0	0	0	0	-1	0	-1	-1	0	0	0	0	-1	-1	0	0	-1	0	-1	0	0	0	0	0	-1	0
HOOK3	0	0	0	-1	0	0	0	0	-1	0	0	0	-1	0	0	0	0	0	0	0	-1	0	0	0	0	0	0	0	-1	0	0	0	1	-1	0	0	0	0	0	0
HOXA11	0	0	0	0	-1	0	0	-1	0	0	-1	-1	0	0	0	0	0	0	-1	0	0	-1	0	0	0	0	-1	-1	0	0	-1	0	-1	0	0	0	0	0	-1	0
HOXA13	0	0	0	0	-1	0	0	-1	0	0	-1	-1	0	0	0	0	0	0	-1	0	0	-1	0	0	0	0	-1	-1	0	0	-1	0	-1	0	0	0	0	0	-1	0
HOXA9	0	0	0	0	-1	0	0	-1	0	0	-1	-1	0	0	0	0	0	0	-1	0	0	-1	0	0	0	0	-1	-1	0	0	-1	0	-1	0	0	0	0	0	-1	0
HOXC11	0	-1	0	0	-1	0	0	-1	0	0	0	-1	0	-1	0	0	-1	0	-1	0	0	0	1	0	0	0	0	-1	-1	0	0	0	0	0	0	0	0	0	-1	0
HOXC13	0	-1	0	0	-1	0	0	-1	0	0	0	-1	0	-1	0	0	-1	0	-1	0	0	0	1	0	0	0	0	-1	-1	0	0	0	0	0	0	0	0	0	-1	0
HOXD11	0	0	0	-1	0	0	0	0	0	0	0	0	0	0	0	0	0	0	0	0	-1	0	0	0	-1	0	0	0	0	0	0	0	0	0	-1	-1	0	-1	0	0
HOXD13	0	0	0	-1	0	0	0	0	0	0	0	0	0	0	0	0	0	0	0	0	-1	0	0	0	-1	0	0	0	0	0	0	0	0	0	-1	-1	0	-1	0	0
HRAS	-1	-1	-1	-1	-1	-1	0	-1	-1	0	0	-1	0	0	-1	0	0	-1	-1	0	-1	0	0	0	0	0	-1	-1	0	-1	0	0	-1	0	0	-1	-1	-1	0	-1
HSP90AA1	0	-1	0	0	0	-1	0	-1	-1	0	0	-1	0	0	0	-1	-1	0	-1	0	0	-1	0	0	0	0	-1	-1	-1	-1	0	-1	0	-1	0	-1	-1	0	-1	0
HSP90AB1	0	0	0	0	0	0	0	-1	-1	-1	0	0	0	0	0	-1	-1	0	0	0	0	0	0	-1	0	0	0	-1	0	-1	0	0	1	0	-1	0	0	0	0	0
HSPBP1	0	0	-1	0	0	-1	0	-1	0	0	-1	-1	0	0	-1	-1	-1	-1	-1	-1	0	0	-1	0	-1	0	-1	-1	0	0	0	0	0	-1	-1	-1	-1	0	-1	0
ID3	0	0	0	-1	-1	-1	0	-1	-1	0	0	-1	0	-1	0	-1	0	0	-1	0	0	-1	0	0	0	0	-1	0	-1	0	0	0	0	0	0	0	0	-1	-1	0
IDH1	0	0	0	-1	0	0	0	0	0	0	0	0	-1	0	0	0	0	0	0	-1	-1	-1	0	0	-1	0	0	0	-1	0	0	0	0	0	-1	-1	0	-1	0	0
IDH2	0	0	0	0	-1	-1	-1	0	0	-1	0	-1	0	-1	0	0	-1	1	-1	0	-1	0	0	0	0	0	-1	-1	-1	-1	1	-1	-1	-1	-1	0	-1	-1	0	0
IGF2BP2	0	1	0	0	-1	0	0	0	0	-1	0	0	0	-1	0	0	1	0	0	0	0	0	0	0	0	0	0	-1	-1	0	0	0	0	0	0	0	0	-1	-1	0
IKBKB	0	0	1	0	0	0	0	0	-1	0	0	0	-1	0	0	0	0	0	0	0	-1	0	0	0	0	0	0	0	-1	0	0	0	0	-1	0	0	0	0	0	0
IKZF1	0	0	0	-1	0	0	0	0	0	0	-1	-1	0	0	0	0	0	0	0	0	-1	-1	0	0	0	0	0	0	0	0	0	0	-1	0	0	0	0	0	-1	0
IL2	0	-1	0	-1	-1	-1	0	0	0	-1	-1	-1	-1	0	0	-1	-1	-1	-1	0	0	-1	0	0	0	0	-1	-1	0	0	0	-1	0	0	-1	-1	-1	0	-1	-1
IL21R	0	0	0	0	0	-1	0	0	0	-1	0	0	0	0	0	0	-1	0	-1	-1	0	0	0	0	0	0	0	0	0	-1	0	0	0	-1	0	0	0	0	0	0
IL6ST	0	0	0	0	-1	-1	0	0	-1	-1	-1	-1	-1	-1	-1	0	-1	-1	-1	0	-1	-1	0	-1	0	0	0	0	-1	0	0	0	0	0	0	-1	0	0	0	0
IL7R	0	0	0	0	-1	0	0	0	0	-1	0	0	-1	0	0	0	0	0	0	0	-1	0	0	-1	0	0	0	0	0	0	0	0	0	0	0	0	0	0	0	0
IRF1	0	0	0	0	-1	0	0	0	-1	-1	-1	0	-1	0	-1	-1	-1	-1	-1	0	-1	-1	0	0	0	0	-1	-1	0	0	0	-1	0	0	0	-1	0	-1	0	0
IRF4	0	1	0	0	0	0	0	0	0	1	-1	0	-1	0	0	0	0	0	0	0	0	0	0	0	1	0	0	-1	0	0	0	1	0	0	0	0	1	0	1	1
IRS4	-1	-1	0	-1	0	0	-1	-1	-1	-1	-1	0	0	0	-1	-1	-1	-1	0	-1	-1	-1	0	-1	-1	0	0	-1	-1	0	-1	0	-1	0	-1	0	-1	-1	-1	0
ISX	-1	0	-1	-1	0	-1	-1	-1	0	-1	-1	-1	-1	0	-1	-1	-1	0	0	-1	-1	-1	-1	-1	-1	0	-1	0	0	0	-1	-1	-1	-1	-1	-1	-1	-1	0	-1
ITGAV	0	0	0	-1	0	0	0	0	0	0	0	0	0	0	0	0	0	0	0	0	-1	0	0	0	-1	0	0	0	0	0	0	-1	0	0	-1	-1	0	-1	0	-1
ITK	0	0	0	0	-1	0	0	0	-1	-1	-1	0	-1	0	-1	-1	-1	-1	0	0	-1	-1	0	-1	0	0	-1	-1	0	0	0	-1	0	-1	0	-1	0	0	0	0
JAK1	0	0	0	0	-1	0	-1	0	1	0	0	0	0	-1	0	-1	0	0	0	0	0	0	-1	0	0	0	-1	0	-1	0	0	0	0	0	0	0	-1	0	0	0
JAK2	0	-1	0	0	0	0	0	0	-1	0	0	-1	0	-1	0	-1	0	0	0	0	-1	0	0	-1	0	-1	0	-1	0	0	0	-1	0	0	-1	-1	-1	-1	-1	0
JAK3	0	0	1	-1	0	0	0	0	0	0	0	-1	0	0	0	0	0	0	0	0	0	0	0	0	0	0	0	0	0	0	0	-1	-1	0	0	-1	0	0	0	0
JAZF1	0	0	0	0	-1	0	0	-1	0	0	-1	-1	0	0	0	0	0	0	-1	0	0	-1	0	0	0	0	-1	-1	0	0	-1	0	-1	0	0	0	0	0	-1	0
JUN	0	0	0	0	-1	0	-1	0	0	0	0	0	0	-1	0	-1	0	0	0	0	0	0	-1	0	0	0	-1	0	-1	0	0	0	0	0	0	0	-1	0	0	0
KAT6A	0	0	2	0	0	0	0	0	-1	0	0	0	-1	0	0	0	0	0	0	0	-1	0	0	0	0	0	0	0	-1	0	0	0	1	-1	0	0	0	0	0	0
KAT6B	0	-1	0	0	-1	0	0	0	0	-1	-1	-1	0	0	0	0	-1	0	0	0	0	0	0	-1	0	0	-1	0	-1	0	0	-1	0	0	0	-1	0	-1	0	-1
KAT7	-1	0	-1	-1	-1	-1	-1	-1	-1	-1	-1	-1	-1	-1	-1	-1	-1	-1	-1	-1	-1	-1	0	-1	-1	0	-1	-1	-1	-1	-1	-1	-1	-1	-1	-1	-1	-1	-1	-1
KCNJ5	0	0	0	-1	0	-1	0	0	-1	0	-1	0	0	-1	-1	-1	0	0	-1	-1	0	0	0	0	0	0	-1	0	-1	0	0	0	0	0	0	0	0	0	0	0
KDM5A	0	0	-1	0	0	0	0	0	0	0	-1	0	0	0	0	0	-1	0	-1	0	0	0	0	1	0	0	0	-1	-1	0	0	0	0	0	0	0	0	0	1	0
KDM5C	0	-1	0	-1	0	0	0	0	0	-1	-1	0	0	-1	-1	-1	-1	-1	0	-1	-1	0	0	0	-1	0	0	-1	-1	0	-1	-1	-1	-1	-1	0	0	-1	-1	0
KDM6A	0	-1	0	0	0	0	0	0	0	-1	-1	0	-1	-1	-1	-1	-1	-1	0	-1	-1	0	0	0	-1	0	0	-1	-1	0	-1	-1	1	0	-1	0	0	-1	-1	0
KDR	0	0	0	0	-1	0	0	0	0	0	0	-1	0	0	0	0	-1	-1	0	0	0	-1	0	0	0	0	0	0	0	0	0	0	0	0	-1	0	-1	0	0	0
KDSR	-1	0	-1	-1	-1	-1	0	0	-1	-1	-1	-1	0	0	0	0	-1	-1	-1	0	-1	0	0	0	0	0	-1	-1	0	0	0	-1	0	0	0	-1	0	-1	-1	-1
KEAP1	0	0	-1	-1	-1	-1	0	-1	-1	0	0	-1	0	-1	0	0	0	-1	0	0	0	0	0	0	-1	0	0	0	0	0	-1	-1	-1	0	0	-1	0	0	0	0
KIAA1549	0	0	0	0	-1	0	0	0	0	0	-1	-1	0	0	0	0	0	0	0	-1	0	-1	0	0	0	0	0	-1	0	0	0	0	0	0	0	0	0	0	1	0
KIAA1598	0	-1	0	-1	0	-1	0	0	0	-1	-1	-1	-1	0	0	0	-1	0	0	0	0	0	0	0	0	0	0	-1	0	0	0	-1	0	0	0	0	0	-1	0	-1
KIF5B	0	0	0	0	-1	0	0	0	0	0	0	0	0	0	0	0	0	0	0	0	-1	0	0	0	0	0	0	0	0	0	0	0	0	0	0	-1	0	0	0	0
KIT	0	0	0	0	-1	0	0	0	0	0	0	-1	0	0	0	0	-1	-1	0	0	0	-1	0	0	0	0	0	0	0	0	0	0	0	0	-1	0	-1	0	0	0
KLF4	0	0	0	0	-1	0	0	0	-1	0	0	0	0	-1	0	0	0	-1	0	0	-1	-1	0	-1	0	0	0	0	-1	0	0	-1	0	0	-1	-1	-1	0	0	0
KLF6	0	0	0	0	-1	0	0	0	0	0	0	-1	0	-1	0	0	0	0	-1	0	-1	0	0	0	1	0	0	0	0	0	0	0	0	0	0	-1	0	0	0	0
KLK2	0	0	-1	0	0	-1	0	-1	0	0	-1	0	0	0	-1	0	-1	0	-1	-1	0	0	0	0	-1	0	-1	-1	0	0	0	0	0	-1	-1	-1	0	-1	-1	0
KMT2A	0	0	0	-1	0	-1	0	0	-1	0	0	-1	0	0	-1	-1	0	0	-1	-1	0	0	0	0	0	0	-1	0	-1	0	0	0	0	0	0	0	-1	0	0	0
KMT2C	0	0	0	0	-1	-1	0	0	0	0	-1	-1	0	0	0	0	0	-1	0	-1	0	-1	0	0	0	0	0	-1	0	0	0	0	0	0	0	0	0	0	-1	0
KMT2D	0	-1	0	0	-1	0	0	-1	0	0	0	-1	0	-1	0	0	-1	0	-1	0	0	0	0	0	0	0	0	-1	-1	0	0	0	0	0	0	0	0	0	-1	0
KNSTRN	0	-1	0	-1	-1	0	-1	0	0	-1	-1	0	-1	-1	-1	0	-1	0	-1	0	-1	0	0	0	0	0	0	-1	-1	-1	0	-1	-1	-1	-1	0	-1	-1	0	0
KRAS	0	0	0	0	0	0	0	0	0	0	0	0	0	0	0	0	-1	0	-1	0	0	0	0	1	0	0	0	0	-1	0	0	0	0	-1	0	0	0	0	0	0
KTN1	0	-1	0	-1	0	-1	0	-1	-1	0	-1	-1	0	0	0	-1	-1	0	-1	0	0	-1	0	0	0	0	-1	-1	-1	-1	0	0	0	0	0	0	-1	0	-1	0
LARP4B	0	0	0	0	-1	0	0	0	0	0	0	-1	0	-1	0	0	0	0	-1	0	-1	0	0	0	0	0	0	0	0	0	0	0	0	0	0	-1	0	0	0	0
LASP1	-1	-1	-1	-1	-1	-1	-1	-1	-1	-1	-1	-1	-1	-1	-1	-1	-1	-1	-1	-1	-1	-1	-1	-1	-1	0	-1	-1	-1	-1	-1	-1	-1	-1	-1	-1	-1	-1	0	-1
LATS1	0	-1	0	-1	-1	-1	0	-1	-1	-1	-1	-1	-1	-1	0	0	-1	-1	-1	0	-1	-1	0	0	0	0	0	-1	-1	-1	-1	-1	-1	0	-1	0	0	-1	0	-1
LATS2	-1	-1	-1	0	-1	0	-1	-1	0	-1	0	-1	-1	0	0	-1	0	0	0	0	-1	0	0	-1	0	0	-1	0	-1	0	-1	-1	0	-1	-1	-1	-1	-1	0	-1
LCK	0	0	0	-1	-1	0	-1	0	0	0	0	0	0	-1	0	-1	0	0	0	0	0	0	-1	0	0	0	-1	0	-1	0	0	0	0	0	0	0	-1	-1	-1	0
LCP1	-1	-1	-1	-1	-1	-1	-1	-1	-1	-1	0	-1	-1	-1	0	-1	0	-1	-1	0	-1	-1	0	-1	0	0	-1	0	-1	0	-1	-1	0	-1	-1	-1	-1	-1	0	-1
LEF1	0	0	0	-1	-1	-1	0	0	0	-1	-1	-1	-1	0	0	-1	-1	-1	-1	0	0	-1	0	0	0	0	-1	-1	0	0	0	-1	0	0	-1	-1	-1	0	-1	-1
LEPROTL1	0	-1	-1	-1	-1	0	0	-1	-1	0	0	0	-1	0	0	0	-1	0	-1	-1	-1	-1	0	0	0	0	0	-1	-1	-1	-1	-1	-1	-1	0	0	-1	-1	-1	0
LHFP	-1	-1	-1	-1	-1	-1	-1	-1	-1	-1	0	-1	-1	-1	0	-1	0	-1	-1	0	-1	0	0	-1	0	0	-1	0	-1	0	-1	-1	0	-1	-1	-1	-1	-1	0	-1
LIFR	0	0	0	0	-1	0	1	0	0	-1	0	0	-1	0	0	0	0	0	0	0	-1	0	0	0	0	0	0	0	0	0	0	0	0	0	0	0	0	0	0	0
LMNA	0	0	0	0	0	0	0	0	0	0	0	0	0	0	0	0	0	-1	0	0	0	0	0	0	0	0	0	0	0	0	0	0	0	0	0	0	0	0	1	0
LMO1	-1	-1	-1	-1	-1	-1	0	0	-1	0	-1	-1	0	0	-1	0	0	-1	-1	0	-1	0	0	0	0	0	-1	-1	0	-1	0	0	-1	0	0	-1	-1	-1	0	-1
LMO2	-1	0	0	0	0	0	0	0	-1	0	0	0	0	0	-1	0	0	-1	0	0	-1	0	0	0	0	0	-1	0	-1	-1	0	0	-1	0	0	0	-1	0	0	0
LPP	-1	1	0	0	-1	0	0	0	0	-1	0	0	0	-1	0	0	1	0	-1	0	0	0	0	0	0	0	0	-1	-1	0	0	-1	0	0	0	0	0	-1	-1	0
LRIG3	0	-1	0	0	-1	0	-1	-1	0	0	0	-1	0	-1	0	0	-1	0	-1	0	0	0	0	0	0	0	-1	-1	-1	0	0	0	0	0	0	0	0	0	-1	0
LRP1B	0	0	0	-1	0	0	0	0	0	0	-1	-1	0	0	0	0	0	0	-1	0	-1	0	0	0	-1	0	0	-2	0	0	0	0	0	0	-1	-1	0	-1	0	0
LSM14A	0	0	-1	0	0	-1	0	-1	1	0	0	0	0	0	0	0	-1	0	0	0	0	0	0	0	0	0	0	0	0	0	0	0	-1	0	0	-1	0	0	0	0
LYL1	0	0	1	-1	0	0	0	-1	1	0	0	-1	0	0	0	0	0	-1	0	0	0	0	0	0	-1	0	0	0	0	0	0	-1	-1	0	0	-1	0	0	0	0
LZTR1	-1	0	-1	-1	0	-1	-1	-1	0	-1	-1	-1	-1	0	-1	-1	-1	0	0	-1	0	-1	-1	-1	-1	0	-1	0	0	0	-1	-1	-1	-1	-1	-1	-1	0	0	-1
MACC1	0	0	-1	-1	-1	0	0	-1	0	0	-1	-1	0	0	0	0	0	0	-1	0	-1	-1	0	0	0	0	-1	-1	0	0	0	0	-1	0	0	0	0	0	-1	0
MAF	0	-1	-1	-1	-1	-1	-1	0	0	-1	-1	0	0	-1	0	0	-1	0	-1	-1	-1	0	0	0	0	0	-1	-1	-1	-1	0	0	-1	0	-1	-1	0	-1	-1	-1
MAFB	0	0	-1	-1	0	0	0	0	0	0	0	0	0	0	0	0	0	-1	0	-1	0	0	0	0	0	0	0	0	0	0	0	0	0	0	0	0	0	-1	-1	0
MALAT1	0	0	0	0	0	-1	0	0	-1	0	0	0	0	0	0	0	0	0	0	0	0	0	0	-1	0	0	0	-1	0	0	0	0	0	0	0	0	-1	-1	0	0
MALT1	-1	-1	-1	0	-1	-1	0	0	-1	-1	-1	-1	0	0	-1	0	-1	-1	-1	0	-1	0	0	0	0	0	-1	-1	0	0	0	-1	0	0	0	-1	-1	-1	-1	-1
MAML2	0	0	0	-1	0	-1	0	0	-1	0	0	-1	0	0	-1	0	0	0	0	-1	0	0	0	0	0	0	-1	0	0	0	0	0	0	0	0	0	-1	-1	0	0
MAP2K1	0	0	0	0	-1	0	-1	0	0	-1	-1	-1	0	-1	0	0	-1	0	-1	0	-1	0	0	0	0	0	-1	-1	-1	-1	0	-1	-1	-1	-1	0	-1	-1	0	0
MAP2K2	0	-1	-1	-1	-1	-1	-1	-1	-1	-1	0	-1	0	-1	0	0	0	-1	-1	-1	0	-1	-1	0	-1	0	-1	-1	0	-1	0	-1	-1	0	0	-1	0	0	0	0
MAP2K4	-1	-1	-1	-1	-2	-1	-1	-1	-1	-1	-1	-1	-1	-1	-1	-1	-1	-1	-1	-1	-1	-1	-1	-1	-1	0	-1	-1	-1	-1	-1	-1	-1	-1	-1	-1	-1	-1	-1	-1
MAP3K1	0	0	0	0	-1	-1	-1	0	-1	-1	-1	-1	-1	-1	-1	0	-1	-1	-1	0	-1	-1	0	-1	0	0	0	0	-1	0	0	0	0	0	0	-1	0	0	0	0
MAP3K13	0	1	0	0	-1	0	0	0	0	-1	0	0	0	-1	0	0	1	0	0	0	0	0	0	0	0	0	0	-1	-1	0	0	0	0	0	0	0	0	0	-1	0
MAPK1	-1	0	-1	-1	0	-1	-1	-1	0	-1	-1	-1	-1	0	-1	-1	-1	0	0	-1	-1	-1	-1	-1	-1	0	-1	0	0	0	-1	-1	-1	-1	-1	-1	-1	-1	0	-1
MAX	0	-1	0	-1	-1	-1	0	-1	-1	0	-1	-1	0	0	0	-1	-1	0	-1	0	0	-1	0	0	0	0	-1	-1	-1	-1	0	-1	0	0	0	0	-1	0	-1	0
MB21D2	-1	1	0	0	-1	0	0	0	0	-1	0	0	0	-1	0	0	1	0	-1	0	0	0	0	0	0	0	0	-1	-1	0	0	-1	0	0	0	0	0	-1	-1	0
MDM2	2	-1	0	0	-1	0	0	-1	0	0	0	-1	0	-1	0	0	-1	0	-1	0	0	0	1	0	0	0	-1	-1	-1	0	0	0	0	0	0	0	0	0	-1	0
MDM4	0	0	0	0	0	0	0	0	-1	0	0	0	0	0	0	-1	0	0	-1	0	-1	0	-1	0	0	0	0	-1	0	0	0	0	0	0	0	0	1	0	0	0
MDS2	0	0	0	-1	-1	-1	0	-1	-1	0	0	-1	0	-1	0	-1	0	0	-1	0	0	-1	0	0	0	0	-1	0	-1	0	0	0	0	0	0	0	0	-1	-1	0
MECOM	0	0	0	0	0	0	0	0	0	-1	1	0	0	0	0	0	0	0	0	0	0	0	0	0	0	0	0	0	-1	0	0	0	0	0	0	0	0	0	0	0
MED12	0	-1	0	-1	0	0	-1	0	0	-1	-1	0	0	0	-1	-1	-1	-1	0	-1	-1	0	0	0	-1	0	0	-1	-1	0	-1	-1	-1	-1	-1	0	0	-1	-1	0
MEN1	0	0	0	0	0	-1	0	0	0	0	0	0	0	0	0	0	0	0	0	0	0	0	0	-1	0	0	0	-1	0	0	0	0	0	0	0	0	-1	-1	0	0
MET	0	0	0	0	-1	0	0	0	0	0	-1	-1	-1	0	0	0	0	-1	0	-1	0	0	0	0	0	0	0	-1	-1	0	0	0	0	0	0	0	0	0	0	0
MGMT	0	-1	0	-1	0	-1	0	0	0	-1	-1	0	0	0	0	0	-1	0	0	0	0	0	0	0	0	0	0	-1	0	0	0	-1	0	0	0	0	0	-1	0	-1
MITF	0	0	0	-1	0	-1	0	0	0	-1	0	-1	0	0	0	0	-1	0	-1	-1	-1	0	0	0	0	0	0	0	0	0	0	-1	0	0	0	-1	0	0	0	0
MKL1	-1	0	-1	-1	0	-1	-1	-1	0	-1	-1	-1	-1	-1	-1	-1	-1	0	0	-1	-1	-1	-1	-1	-1	0	-1	-1	0	0	-1	-1	-1	-1	-1	-1	-1	-1	0	-1
MLF1	0	0	0	0	0	-1	0	0	0	-1	-1	0	0	-1	0	0	0	0	0	0	-1	0	0	0	0	0	0	0	-1	0	0	0	0	0	0	0	0	0	0	-1
MLH1	0	0	0	-1	0	-1	0	-1	0	-1	-1	-1	0	-1	0	-1	-1	0	-1	-1	-1	0	0	0	0	0	-1	0	-1	0	0	0	0	-1	0	0	0	0	-1	0
MLLT1	0	0	-1	-1	-1	-1	-1	-1	-1	-1	0	-1	0	-1	0	0	0	-1	0	-1	0	-1	0	-1	-1	0	-1	0	0	0	0	-1	-1	0	0	-1	0	0	0	0
MLLT10	0	0	0	0	-1	0	0	0	0	0	0	0	0	-1	0	0	0	-1	0	0	-1	0	0	0	0	0	0	0	0	0	0	0	0	0	0	-1	0	0	0	0
MLLT11	0	0	0	0	0	0	0	0	0	0	0	0	0	0	0	-1	0	0	0	-1	0	0	-1	0	0	0	0	0	0	0	0	0	0	0	0	0	0	0	0	0
MLLT3	0	-1	0	0	0	0	0	0	-1	0	0	-1	0	-1	0	-1	0	-1	0	0	-1	-1	0	-1	0	0	0	-1	0	0	0	-1	0	0	-1	-1	-1	-1	0	0
MLLT4	0	-1	0	-1	-1	-1	0	-1	-1	-1	-1	-1	-1	-1	0	0	-1	-1	-1	0	-1	-1	0	-1	0	0	0	-1	-1	-1	-1	-1	-1	0	-1	0	0	-1	-1	-1
MLLT6	-1	-1	-1	-1	-1	-1	-1	-1	-1	-1	-1	-1	-1	-1	-1	-1	-1	-1	-1	-1	-1	-1	-1	-1	-1	0	-1	-1	0	-1	-1	-1	-1	-1	-1	-1	-1	-1	-1	-1
MN1	-1	0	-1	-1	0	-1	-1	-1	0	-1	-1	-1	-1	0	-1	-1	-1	0	0	-1	-1	-1	-1	-1	-1	0	-1	0	0	0	-1	-1	-1	-1	-1	-1	-1	-1	0	-1
MNX1	0	0	0	0	-1	-1	0	0	0	0	-1	-1	0	0	0	0	0	-1	0	-1	-1	-1	0	0	0	0	0	-1	0	0	0	0	0	0	0	0	0	0	-1	0
MPL	0	0	0	0	-1	0	-1	0	0	0	0	0	0	-1	0	0	0	0	0	0	0	0	-1	0	0	0	-1	0	0	0	0	0	0	0	0	0	0	-1	0	-1
MRE11A	0	0	0	-1	0	-1	0	0	-1	0	0	-1	0	0	-1	0	0	0	0	-1	0	0	0	0	0	0	-1	0	0	0	0	0	0	0	0	0	1	0	0	0
MSH2	0	0	0	0	0	0	0	0	0	0	0	0	0	0	0	0	0	0	0	0	0	0	0	0	0	0	0	0	0	0	0	0	0	0	0	0	0	0	-1	0
MSH6	0	0	0	0	0	0	0	0	0	0	0	0	0	0	0	0	0	0	0	0	0	0	0	0	0	0	0	0	0	0	0	0	0	0	0	0	0	0	-1	0
MSI2	-1	-1	-1	-1	-1	-1	-1	-1	-1	-1	-1	-1	-1	-1	-1	-1	-1	-1	-1	-1	0	-1	0	-1	-1	0	-1	-1	-1	-1	-1	-1	-1	-1	-1	-1	-1	-1	-1	-1
MSN	0	-1	0	-1	0	0	0	0	0	-1	-1	0	0	0	-1	-1	-1	0	0	-1	-1	0	0	0	-1	0	0	-1	-1	0	-1	-1	-1	0	-1	0	-1	-1	-1	0
MTCP1	0	-1	0	-1	0	0	-1	0	-1	-1	-1	0	0	0	-1	-1	-1	-1	0	-1	-1	-1	0	-1	-1	0	0	-1	-1	0	-1	0	0	0	-1	0	-1	-1	-1	0
MTOR	0	0	0	-1	-1	-1	0	-1	-1	-1	0	-1	0	-1	0	-1	0	0	-1	0	0	-1	-1	0	0	0	-1	0	-1	0	0	0	0	0	0	-1	0	-1	0	0
MUC1	0	0	0	0	0	0	0	0	0	0	0	0	0	0	0	-1	0	0	0	0	0	0	-1	0	0	0	0	0	0	0	0	0	0	0	0	0	0	0	0	0
MUC16	0	0	-1	-1	-1	-1	-1	-1	-1	-1	0	-1	0	-1	0	0	0	-1	0	1	0	0	0	0	-1	0	0	0	0	0	-1	-1	-1	0	0	-1	0	0	0	0
MUC4	0	1	0	0	-1	0	0	1	0	0	0	0	0	-1	0	0	1	0	-1	0	0	1	0	1	0	0	0	-1	-1	0	0	0	0	0	0	0	0	0	-1	0
MUS81	0	0	0	0	0	-1	0	0	-1	0	0	0	0	0	0	0	0	0	0	0	0	-1	0	0	0	0	0	-1	0	0	0	0	0	0	0	0	-1	-1	0	0
MUTYH	0	0	0	0	-1	0	-1	0	0	0	0	0	0	-1	0	0	0	0	0	0	0	0	-1	0	0	0	-1	0	0	0	0	0	0	0	0	0	0	0	0	0
MYB	0	-1	0	-1	-1	-1	0	-1	-1	-1	-1	-1	0	-1	0	0	-1	-1	-1	0	-1	-1	0	0	0	0	0	-1	-1	-1	-1	-1	-1	0	-1	0	0	-1	0	-1
MYC	0	0	2	0	2	2	0	2	-1	-1	-1	-1	2	0	0	0	0	2	0	0	0	1	0	0	0	-1	2	-1	2	0	1	2	0	0	0	1	0	1	2	0
MYCL	0	0	0	0	-1	0	-1	0	0	0	0	0	0	-1	0	0	0	0	0	0	0	0	-1	0	0	0	-1	0	1	0	0	0	0	0	0	0	-1	-1	0	0
MYCN	0	0	0	-1	0	0	0	0	0	-1	0	-1	0	-1	0	0	0	0	0	0	0	0	0	0	0	0	0	-1	0	0	0	-1	0	0	0	0	0	0	-1	-1
MYD88	0	0	0	-1	-1	-1	0	-1	0	-1	-1	-1	0	-1	0	-1	-1	0	-1	-1	-1	0	0	0	0	0	-1	0	-1	0	0	0	0	-1	0	0	0	0	0	0
MYH11	0	0	0	0	0	-1	0	0	0	-1	0	0	0	0	0	0	-1	0	-1	1	0	0	0	0	0	0	0	0	0	0	0	0	0	0	0	0	0	0	0	0
MYH9	-1	0	-1	-1	0	-1	-1	-1	0	-1	-1	-1	-1	0	-1	-1	-1	0	0	-1	-1	-1	-1	-1	-1	0	-1	0	0	0	-1	-1	-1	-1	-1	-1	-1	-1	0	-1
MYO5A	0	0	0	-1	-1	0	-1	0	0	-1	-1	0	0	-1	-1	0	-1	0	-1	0	-1	0	0	0	0	0	0	-1	-1	0	0	-1	-1	-1	-1	0	-1	-1	0	0
MYOD1	-1	-1	0	0	0	-1	0	0	-1	0	0	-1	0	0	-1	0	0	-1	-1	0	-1	0	0	0	0	0	-1	-1	0	-1	0	0	-1	0	0	0	-1	0	0	-1
N4BP2	0	0	0	0	-1	0	0	0	0	0	0	-1	-1	0	0	0	-1	-1	0	0	0	-1	0	0	0	0	0	-1	-1	0	0	0	0	0	-1	0	-1	0	0	0
NAB2	0	-1	0	0	-1	0	0	-1	0	0	0	-1	0	-1	0	0	-1	0	-1	0	0	0	0	0	0	0	0	-1	-1	0	0	0	0	0	0	0	0	0	-1	0
NACA	0	-1	0	0	-1	0	0	-1	0	0	0	-1	0	-1	0	0	-1	0	-1	0	0	0	0	0	0	0	0	-1	-1	0	0	0	0	0	0	0	0	0	-1	0
NBEA	-1	-1	-1	-1	-1	0	-1	-1	-1	-1	0	-1	-1	-1	0	-1	0	-1	0	0	-1	0	0	-1	0	0	-1	0	-1	0	-1	-1	0	-1	-1	-1	-1	-1	0	-1
NBN	0	0	1	0	-1	0	0	0	-1	0	-1	-1	-1	0	0	0	0	0	0	0	0	0	0	0	0	0	0	0	-1	0	0	-1	-1	-1	0	0	-1	0	0	0
NCKIPSD	0	0	0	-1	0	-1	0	-1	0	-1	-1	-1	-1	0	0	-1	-1	0	-1	-1	-1	-1	0	0	0	0	0	0	0	0	0	0	0	-1	0	0	0	-1	-1	0
NCOA1	0	0	0	-1	0	0	0	0	0	-1	0	-1	0	0	0	0	0	0	0	0	0	0	0	0	0	0	0	0	0	0	-1	-1	0	0	0	0	0	0	-1	0
NCOA2	0	0	0	0	1	0	0	0	-1	1	-1	0	0	0	0	0	0	0	0	-1	0	0	0	0	0	0	0	0	-1	0	0	-1	1	-1	0	0	-1	0	0	0
NCOA4	0	0	0	0	0	0	0	0	0	-1	-1	-1	0	0	0	0	0	0	0	0	0	0	0	1	0	0	0	0	0	0	0	0	0	0	0	0	0	0	0	0
NCOR1	-1	-1	-1	-1	-1	-1	-1	-1	-1	-1	-1	-1	-1	-1	-1	-1	-1	-1	-1	-1	-1	-1	0	-1	0	0	-1	-1	-1	-1	-1	-1	-1	0	-1	-1	-1	-1	-1	-1
NCOR2	0	-1	0	0	-1	-1	0	-1	0	0	-1	-1	0	-1	0	0	-1	0	-1	0	0	-1	0	-1	0	0	-1	-1	-1	0	0	-1	0	0	0	0	0	-1	-1	0
NDRG1	0	0	1	0	1	1	0	1	-1	-1	-1	-1	0	0	0	0	0	1	0	0	0	1	0	0	0	0	-1	-1	1	0	0	1	-1	0	0	1	0	1	1	0
NF1	-1	-1	-2	-1	-1	-1	-1	-1	-1	-1	-1	-1	-1	-1	-1	-1	-1	-1	-1	-1	-1	-1	-1	-1	-1	0	-1	-1	-1	-1	-1	-1	-1	-1	-1	-1	-1	-1	-1	-1
NF2	-1	0	-2	-1	0	-1	-1	-1	0	-1	-1	-1	-1	0	-1	-1	-1	0	0	-1	-1	-1	-1	-1	-1	0	-1	0	0	0	-1	-1	-1	-1	-1	-1	-1	-1	0	-1
NFATC2	0	0	-1	-1	-1	0	0	0	0	0	-1	0	0	0	0	0	1	0	0	0	0	0	0	0	0	0	0	0	0	0	0	0	0	0	1	0	0	0	-1	0
NFE2L2	0	0	0	-1	0	0	0	0	0	-1	0	0	0	0	0	0	0	0	0	0	-1	0	0	0	-1	0	0	0	0	0	0	0	0	0	-1	-1	0	-1	0	-1
NFIB	0	-1	0	0	0	0	0	0	-1	0	0	-1	0	-1	0	-1	0	-1	0	0	-1	0	0	-1	0	0	0	-1	0	0	0	-1	0	0	-1	-1	-1	-1	-1	0
NFKB2	0	-1	0	-1	-1	-1	0	0	0	-1	-1	-1	-1	0	0	0	-1	0	0	0	0	0	0	0	0	0	-1	-1	0	0	0	-1	0	-1	0	-1	0	-1	0	-1
NFKBIE	0	0	0	0	0	0	0	-1	-1	-1	0	0	0	0	0	-1	-1	0	0	0	0	0	0	-1	0	0	0	-1	0	-1	0	0	1	0	-1	0	0	0	0	0
NIN	0	-1	0	0	0	-1	0	-1	0	0	-1	-1	0	0	0	-1	-1	0	-1	0	0	-1	0	0	0	0	-1	-1	0	-1	0	0	0	0	0	0	-1	0	-1	0
NKX2-1	0	-1	0	0	0	-1	0	-1	-1	0	0	-1	0	0	0	0	-1	0	-1	0	0	-1	0	0	0	-1	-1	0	0	-1	0	0	0	0	0	0	-1	0	0	0
NONO	0	-1	0	-1	0	0	-1	0	-1	-1	-1	0	0	0	-1	-1	-1	-1	0	-1	-1	-1	0	0	-1	0	0	-1	-1	0	-1	0	-1	0	-1	0	0	-1	-1	0
NOTCH1	0	0	-1	-1	-1	-1	0	0	-1	0	-1	-1	0	-1	0	0	0	-1	-1	0	-1	-1	0	-1	0	0	-1	0	0	0	0	-1	0	0	-1	-1	-1	-1	0	0
NOTCH2	1	1	1	1	1	1	1	1	1	1	1	1	1	1	1	0	1	1	1	1	1	1	1	1	1	1	1	1	1	1	0	1	1	1	1	1	1	1	1	1
NPM1	0	0	0	0	-1	0	0	0	-1	-1	-1	0	0	0	-1	0	-1	-1	0	0	-1	-1	0	-1	0	0	-1	-1	0	0	0	-1	0	0	0	-1	0	0	0	0
NR4A3	0	0	0	0	-1	-1	0	0	-1	0	0	0	0	-1	0	0	0	-1	0	0	-1	-1	0	-1	0	-1	0	0	-1	0	0	-1	0	0	-1	-1	-1	0	0	0
NRAS	0	0	0	0	0	0	-1	0	0	0	0	0	0	-1	0	-1	0	0	0	0	0	0	-1	0	0	0	-1	-1	0	0	0	0	0	0	0	0	-1	0	0	0
NRG1	0	-1	-1	-1	-1	0	0	-1	-1	0	0	0	-1	0	0	0	-1	0	-1	-1	-1	0	0	0	0	0	0	-1	-1	-1	0	-1	-1	-1	0	0	-1	-1	-1	0
NSD1	0	0	0	0	-1	0	0	0	-1	-1	-1	0	0	0	-1	0	-1	-1	0	0	-1	-1	0	-1	0	0	-1	-1	0	0	0	-1	0	0	0	-1	0	0	0	0
NT5C2	0	-1	0	-1	-1	-1	0	0	0	-1	-1	-1	-1	0	0	0	-1	0	0	0	0	0	0	0	0	0	-1	-1	0	0	0	-1	0	-1	0	-1	0	-1	0	-1
NTHL1	0	0	0	0	-1	-1	0	0	0	-1	0	0	0	0	0	0	-1	0	-1	0	0	0	0	0	0	0	-1	-1	0	0	0	0	-1	-1	0	0	0	0	0	-1
NTRK1	0	0	0	0	0	0	0	0	0	0	0	0	0	0	0	-1	0	0	0	0	0	0	-1	0	0	0	0	0	0	0	0	0	0	0	0	0	0	0	0	0
NTRK3	0	0	0	0	-1	-1	-1	0	0	-1	0	-1	0	-1	0	0	-1	0	-1	0	-1	0	0	0	0	0	-1	-1	-1	-1	0	-1	-1	-1	-1	0	-1	-1	0	0
NUMA1	0	1	0	0	0	-1	0	0	-1	0	0	0	0	0	0	0	0	0	0	0	0	0	0	-1	0	0	0	-1	0	0	0	0	0	0	0	0	1	0	0	0
NUP214	0	0	-1	-1	-1	0	0	0	-1	0	-1	-1	0	-1	0	0	0	-1	-1	0	-1	-1	0	-1	0	0	0	0	0	0	0	-1	0	0	-1	-1	-1	0	-1	0
NUP98	-1	-1	-1	-1	-1	-1	0	-1	-1	0	0	-1	0	0	-1	0	0	-1	-1	0	-1	0	0	0	0	0	-1	-1	0	-1	0	0	-1	0	0	-1	-1	-1	0	-1
NUTM1	0	0	0	-1	-1	0	-1	0	0	0	0	0	-1	0	-1	0	-1	0	-1	0	-1	0	0	0	0	0	0	-1	-1	0	0	-1	-1	-1	-1	0	-1	-1	0	0
NUTM2B	0	0	0	0	-1	0	0	0	0	-1	-1	-1	0	0	0	0	0	0	0	0	0	0	0	0	0	0	-1	0	-1	0	1	1	0	0	0	-1	0	-1	0	-1
NUTM2D	1	0	0	0	0	-1	0	0	0	-1	-1	-1	-1	0	0	0	-1	1	1	0	0	0	0	0	1	1	-1	0	0	0	1	-1	1	0	0	0	0	0	1	-1
OLIG2	0	0	0	-1	-1	-1	0	0	-1	-1	0	0	0	0	0	0	-1	0	-1	0	0	0	0	0	0	0	0	-1	-1	0	0	-1	-1	0	-1	-1	0	-1	0	0
OMD	0	0	0	0	-1	0	0	0	-1	0	0	0	0	-1	0	0	0	-1	0	0	-1	-1	0	-1	0	0	0	0	-1	0	0	-1	0	0	-1	-1	-1	0	0	0
P2RY8	-1	-1	-1	-1	-1	-1	-1	-1	-1	-1	-1	-1	-1	-1	-1	-1	-1	-1	-1	-1	-1	-1	-1	-1	-1	-1	-1	-1	-1	-1	-1	-1	-1	-1	-1	-1	-1	-1	-1	-1
PABPC1	0	0	0	0	0	0	0	1	-1	-1	-1	-1	-1	0	0	0	0	0	0	0	0	0	0	0	0	0	0	0	-1	0	0	0	-1	-1	0	0	1	0	0	0
PAFAH1B2	0	0	0	-1	0	-1	0	0	-1	0	0	-1	0	0	-1	-1	0	0	-1	-1	0	0	0	0	0	0	-1	0	-1	0	0	0	0	0	0	0	-1	0	0	0
PALB2	0	0	0	0	0	-1	0	0	0	-1	0	0	-1	0	0	0	-1	0	-1	-1	0	0	0	0	0	0	0	0	0	-1	0	0	0	0	0	0	0	0	0	0
PATZ1	-1	0	-1	-1	0	-1	-1	-1	0	-1	-1	-1	-1	0	-1	-1	-1	0	0	-1	-1	-1	-1	-1	-1	0	-1	0	0	0	-1	-1	-1	-1	-1	-1	-1	-1	0	-1
PAX3	0	0	0	-1	0	0	0	0	0	0	0	0	0	0	0	0	0	0	0	-1	-1	-1	0	0	-1	0	0	0	-1	0	0	-1	0	0	-1	-1	0	-1	0	0
PAX5	0	-1	0	-1	0	0	1	0	-1	0	0	-1	0	-1	0	0	0	-1	0	0	0	0	0	-1	0	0	0	-1	0	0	0	-1	0	0	-1	-1	-1	-1	0	0
PAX7	0	0	0	-1	-1	-1	0	-1	-1	0	0	-1	0	-1	0	-1	0	0	-1	0	0	-1	-1	0	0	0	-1	0	-1	0	0	0	0	0	0	0	0	-1	-1	0
PAX8	0	0	0	0	0	-1	0	0	0	0	0	-1	0	0	1	0	0	0	0	0	-1	0	0	-1	1	0	0	0	1	0	0	0	0	0	-1	0	0	0	0	0
PBRM1	0	0	0	-1	0	-1	0	-1	0	-1	-1	-1	-1	0	0	-1	-1	0	-1	-1	-1	0	0	0	0	0	0	0	0	0	0	0	0	-1	0	0	0	0	-1	0
PBX1	0	0	0	0	0	0	0	0	0	0	0	0	0	0	0	-1	0	0	0	0	0	0	-1	0	0	0	0	0	0	0	0	0	0	0	0	0	0	0	0	0
PCBP1	0	0	0	0	0	0	0	0	0	0	0	0	0	0	0	0	0	0	0	0	-1	0	0	0	0	0	0	0	-1	0	0	0	0	0	0	0	0	0	-1	0
PCM1	0	-1	-1	-1	-1	0	0	-1	-1	0	-1	0	-1	0	0	0	-1	0	-1	-1	-1	-1	0	0	0	0	0	-1	-1	-1	-1	-1	-1	-1	0	-1	-1	-1	0	0
PDCD1LG2	0	-1	0	0	0	-1	0	0	-1	0	0	-1	0	-1	0	-1	0	-1	0	0	-1	0	0	-1	0	-1	0	-1	0	0	0	-1	0	0	-1	-1	-1	-1	-1	0
PDE4DIP	1	1	1	1	1	1	1	1	1	1	1	1	1	1	1	1	1	1	1	1	1	1	1	1	1	1	1	1	1	1	1	1	1	1	1	1	1	1	1	1
PDGFB	-1	0	-1	-1	0	-1	-1	-1	0	-1	-1	-1	-1	0	-1	-1	-1	0	0	-1	-1	-1	-1	-1	-1	0	-1	-1	0	0	-1	-1	-1	-1	-1	-1	-1	-1	0	-1
PDGFRA	0	0	0	0	-1	0	0	0	0	0	0	-1	0	0	0	0	-1	-1	0	0	0	-1	0	0	0	0	0	0	0	0	0	0	0	0	-1	0	-1	0	0	0
PDGFRB	0	0	0	0	-1	0	0	0	-1	-1	-1	0	0	0	-1	-1	-1	-1	0	0	-1	-1	0	-1	0	-1	-1	-1	0	0	0	-1	0	0	0	-1	0	0	0	0
PDIA3	0	-1	0	-1	-1	0	-1	0	0	-1	-1	0	-1	-1	-1	0	-1	-1	-1	-1	-1	0	0	0	0	0	0	-1	-1	0	0	-1	-1	-1	-1	0	-1	-1	0	0
PER1	-1	-1	-1	-1	-1	-1	-1	-1	-1	-1	-1	-1	-1	-1	-1	-1	0	-1	-1	-1	-1	-1	-1	-1	-1	0	-1	-1	-1	-1	-1	-1	-1	-1	-1	-1	-1	-1	-1	-1
PHF6	0	-1	0	-1	0	0	-1	0	-1	-1	-1	0	0	0	-1	-1	-1	-1	0	-1	-1	-1	0	-1	-1	0	0	-1	-1	0	-1	0	-1	0	-1	0	-1	-1	-1	0
PHOX2B	0	0	0	0	-1	0	0	0	0	0	0	-1	-1	0	0	0	-1	-1	0	0	0	-1	0	0	0	0	0	-1	-1	0	0	0	0	0	-1	0	-1	0	0	0
PICALM	0	0	0	-1	0	-1	0	0	-1	0	0	-1	-1	0	-1	0	0	0	0	0	0	-1	0	1	0	0	-1	0	0	0	0	0	0	0	0	0	-1	0	0	0
PIK3CA	0	0	0	0	0	0	0	0	0	-1	0	0	0	-1	0	0	2	0	0	0	0	0	0	0	0	0	0	-1	-1	0	-1	0	0	0	0	0	0	-1	-1	0
PIK3CB	0	0	0	0	0	0	0	0	0	-1	-1	0	0	-1	0	1	0	0	0	0	0	0	0	0	0	0	0	0	0	0	0	0	0	0	0	-1	0	0	0	-1
PIK3R1	0	0	0	-1	-1	-1	-1	0	-1	-1	-1	-1	-1	-1	-1	-1	-1	-1	-1	0	-1	-1	0	-1	0	0	-1	-1	-1	0	0	-1	0	0	0	-1	0	-1	0	0
PIM1	0	0	0	0	-1	0	0	-1	-1	-1	0	0	0	0	1	-1	-1	-1	0	0	-1	0	-1	-1	0	0	0	-1	0	-1	0	0	1	0	-1	0	0	0	0	0
PLAG1	0	0	-1	0	1	0	0	0	-1	0	0	0	0	0	0	0	0	0	0	0	0	0	0	0	0	0	0	0	-1	0	0	0	-1	0	0	0	0	0	0	0
PLCG1	0	0	-1	-1	0	0	0	-1	0	0	0	0	0	0	0	0	0	-1	0	-1	0	0	0	0	0	0	0	0	0	0	0	0	0	0	0	0	0	-1	-1	0
PML	0	0	0	0	-1	0	-1	0	0	-1	-1	-1	0	-1	0	0	-1	0	-1	0	-1	0	0	0	0	0	-1	-1	-1	0	0	-1	-1	-1	-1	0	-1	-1	0	0
PMS1	0	0	0	0	0	0	0	0	0	0	0	0	0	0	0	0	0	0	0	-1	-1	-1	-1	0	-1	0	0	0	0	0	0	-1	0	0	-1	-1	0	-1	0	-1
PMS2	0	0	-1	-1	-1	0	0	-1	0	-1	-1	-1	0	1	0	0	0	0	-1	0	-1	-1	0	1	0	0	-1	-1	0	0	0	-1	-1	0	0	0	0	-1	-1	0
POLD1	0	0	-1	0	0	-1	0	-1	0	0	-1	0	0	0	-1	0	-1	0	0	-1	0	0	0	0	-1	0	-1	-1	0	0	0	0	0	-1	-1	-1	0	-1	-1	0
POLD2	0	0	0	0	0	0	0	0	0	0	-1	-1	0	0	0	0	0	0	0	0	0	0	0	0	0	0	-1	-1	0	0	0	0	-1	0	0	0	0	0	-1	0
POLD3	0	0	0	0	0	-1	0	0	-1	0	0	0	0	0	0	0	0	0	0	0	0	0	0	-1	0	0	0	0	0	0	0	0	0	0	0	0	1	0	0	0
POLD4	0	0	0	0	0	-1	0	0	-1	0	0	0	0	-1	0	0	0	-1	0	0	1	0	0	-1	0	0	0	-1	0	0	1	0	0	0	0	0	1	0	0	0
POLE	0	-1	0	0	-1	-1	0	-1	0	0	-1	-1	0	-1	0	0	-1	0	-1	0	0	-1	0	-1	0	0	-1	-1	-1	0	0	-1	0	0	0	0	0	0	-1	0
POLG	0	0	0	-1	-1	-1	-1	0	0	-1	0	-1	0	-1	0	0	-1	0	-1	0	-1	0	0	0	0	0	-1	-1	-1	-1	1	-1	-1	-1	-1	0	-1	-1	0	0
POLQ	0	0	0	0	0	0	0	0	0	-1	0	0	0	-1	0	0	0	0	0	0	0	0	0	0	0	0	0	0	0	0	0	0	0	0	0	0	0	0	0	-1
POT1	0	0	0	0	-1	0	0	0	0	0	-1	-1	-1	0	0	0	0	0	0	-1	0	0	0	0	0	0	0	-1	0	0	0	0	0	0	0	0	0	0	0	0
POU2AF1	0	0	0	-1	0	-1	0	0	-1	0	0	-1	0	0	-1	-1	0	0	0	-1	0	0	0	0	0	0	-1	0	-1	0	0	0	0	0	0	0	-1	-1	0	0
POU5F1	0	0	0	-1	-1	0	0	-1	-1	-1	0	-1	0	0	0	-1	-1	-1	0	0	-1	0	-1	-1	0	0	0	-1	0	-1	0	0	-1	0	-1	0	0	0	0	0
PPARG	0	0	0	-1	0	-1	0	-1	0	-1	-1	-1	-1	-1	0	-1	-1	-1	-1	-1	-1	0	0	0	0	0	-1	-1	-1	0	0	0	0	-1	0	0	0	0	-1	0
PPFIBP1	0	0	0	0	0	0	0	0	0	0	0	0	0	0	1	0	-1	0	-1	0	0	0	0	1	0	0	0	0	-1	0	0	0	0	0	0	0	0	0	0	0
PPM1D	-1	-1	-1	-1	-1	-1	-1	-1	-1	-1	-1	-1	-1	-1	-1	-1	-1	-1	-1	-1	-1	-1	-1	-1	-1	0	-1	-1	-1	0	-1	-1	-1	-1	0	-1	-1	-1	-1	-1
PPP2R1A	0	0	-1	0	0	-1	0	-1	0	0	-1	0	0	0	-1	-1	-1	0	0	-1	0	0	0	0	-1	0	-1	-1	0	0	0	0	0	-1	-1	-1	-1	-1	-1	0
PPP6C	0	0	0	-1	-1	0	0	0	-1	0	-1	-1	0	-1	0	0	0	-1	0	0	-1	-1	0	-1	0	0	0	0	-1	0	0	-1	0	0	-1	-1	-1	0	-1	0
PRCC	0	0	0	0	0	0	0	0	0	0	0	0	0	0	0	-1	0	0	0	0	0	0	-1	0	0	0	0	0	0	0	0	0	0	0	0	0	0	0	0	0
PRDM1	0	-1	0	0	0	-1	0	-1	-1	-1	-1	-1	0	-1	0	0	-1	0	0	0	-1	0	0	0	0	-1	0	-1	-1	0	0	0	-1	0	-1	0	0	-1	0	-1
PRDM16	0	0	0	-1	-1	-1	0	-1	0	-1	0	-1	0	0	0	-1	0	0	-1	0	0	-1	-1	0	0	0	-1	0	-1	0	0	0	0	0	0	-1	0	-1	0	0
PRDM2	0	0	0	-1	-1	-1	0	-1	-1	-1	0	-1	0	-1	0	-1	0	0	-1	0	0	-1	-1	0	0	0	-1	0	-1	0	0	0	0	0	0	-1	0	-1	-1	0
PREX2	0	0	0	0	1	0	0	0	-1	1	-1	0	0	0	0	0	0	0	0	-1	0	0	0	0	0	0	0	0	-1	0	0	-1	0	-1	0	0	-1	0	0	0
PRF1	0	-1	0	0	-1	0	0	0	0	-1	-1	-1	0	0	0	0	-1	0	-1	0	0	0	0	0	0	0	-1	0	0	0	0	-1	0	0	0	-1	0	-1	0	-1
PRKACA	0	0	1	-1	0	0	0	0	1	0	0	-1	0	0	0	0	0	0	0	0	0	0	0	0	-1	0	0	0	0	0	0	-1	-1	0	0	-1	0	0	0	0
PRKAR1A	-1	-1	-1	0	-1	-1	-1	-1	-1	-1	-1	-1	-1	-1	-1	-1	-1	-1	-1	-1	-1	-1	-1	-1	-1	0	-1	-1	-1	0	-1	-1	-1	-1	-1	-1	-1	-1	-1	-1
PRKCB	0	0	0	0	0	-1	0	0	0	-1	0	0	-1	0	0	0	-1	0	-1	-1	-1	0	0	0	0	0	0	0	0	-1	0	0	0	0	0	0	0	0	0	0
PRPF40B	0	-1	0	0	-1	0	0	-1	0	0	0	-1	0	-1	0	0	-1	0	-1	0	0	0	0	0	0	0	0	-1	-1	0	0	0	0	0	0	0	0	0	-1	0
PRRX1	0	0	0	0	0	0	0	0	0	0	0	0	1	0	0	-1	0	0	0	0	0	0	-1	0	0	0	0	0	0	0	0	0	0	0	0	0	0	0	0	0
PSIP1	0	-1	0	0	0	0	0	0	-1	0	0	-1	0	-1	0	-1	0	-1	0	0	-1	0	0	-1	0	0	0	-1	0	0	0	-1	0	0	-1	-1	-1	-1	-1	0
PSMA7	0	0	-1	-1	0	0	0	0	1	-1	0	0	0	0	0	0	0	0	0	0	0	0	0	0	0	0	0	0	0	0	0	0	0	0	0	0	0	0	0	0
PSME1	0	-1	0	0	0	-1	0	-1	-1	0	-1	-1	0	0	0	0	-1	0	-1	0	0	-1	0	0	0	0	0	0	0	-1	0	0	0	0	0	0	-1	0	0	0
PSME2	0	-1	0	0	0	-1	0	-1	-1	0	-1	-1	0	0	0	0	-1	0	-1	0	0	-1	0	0	0	0	0	0	0	-1	0	0	0	0	0	0	-1	0	0	0
PSME3	-1	-1	-1	-1	-1	-1	-1	-1	-1	-1	-1	-1	-1	-1	-1	-1	-1	-1	-1	-1	-1	-1	-1	-1	-1	0	-1	-1	-1	-1	-1	-1	-1	-1	-1	-1	-1	-1	-1	-1
PTCH1	0	0	0	0	-1	0	0	0	-1	0	0	0	0	-1	0	0	0	-1	0	0	-1	-1	0	-1	0	-1	0	0	-1	0	0	-1	0	0	-1	-1	-1	0	0	0
PTEN	0	-1	0	-1	-1	-1	0	0	0	-1	-1	-1	-1	0	0	0	-1	0	0	0	0	0	0	0	0	0	-1	0	-1	0	0	-1	0	0	0	-1	0	-1	0	-1
PTK6	0	0	0	-1	0	0	0	0	1	-1	0	0	0	0	0	0	1	0	0	1	0	0	0	0	0	0	0	0	0	0	0	0	0	0	0	0	0	0	0	0
PTPN11	0	-1	0	0	-1	0	0	-1	0	0	-1	-1	0	-1	-1	0	-1	0	-1	0	0	-1	0	-1	0	0	0	-1	-1	0	0	-1	0	0	0	0	0	-1	-1	0
PTPN13	0	0	0	-1	-1	0	0	0	0	-1	-1	-1	0	0	0	-1	-1	-1	-1	0	0	-1	-1	0	0	0	0	-1	0	0	0	-1	0	0	-1	-1	-1	0	0	0
PTPN6	-1	0	-1	0	-1	0	0	0	0	0	-1	0	0	0	0	0	-1	0	-1	0	0	0	0	1	0	1	0	0	-1	0	0	-1	0	-1	0	0	0	0	0	0
PTPRB	1	-1	0	0	-1	0	0	-1	0	0	0	-1	0	-1	0	0	-1	0	-1	0	0	0	0	0	0	-1	-1	-1	-1	0	0	0	0	0	0	0	0	0	-1	0
PTPRC	0	0	0	0	0	0	0	0	-1	0	0	0	0	0	0	-1	0	0	-1	0	-1	0	0	0	0	0	0	0	0	0	0	-1	0	-1	0	0	0	0	0	0
PTPRD	0	-1	0	0	0	0	0	0	-1	0	0	-1	0	-1	0	-1	0	-1	0	0	-1	0	0	-1	0	0	0	-1	0	0	0	-1	-1	0	-1	-1	-1	-1	-1	0
PTPRK	0	-1	0	-1	-1	-1	0	-1	-1	-1	-1	-1	0	-1	0	0	-1	0	-1	0	-1	-1	0	0	0	0	0	-1	-1	-1	-1	-1	-1	1	-1	0	0	-1	0	-1
PTPRT	0	0	-1	-1	0	0	0	0	0	0	0	0	0	0	0	0	0	-1	-1	-1	0	0	0	0	0	0	0	0	0	0	0	0	0	0	0	0	0	-1	-1	0
PWWP2A	0	0	0	0	-1	0	0	0	-1	-1	-1	0	-1	0	-1	-1	-1	-1	0	0	-1	-1	0	-1	0	0	-1	-1	0	0	0	-1	0	-1	0	-1	0	0	0	0
QKI	0	-1	0	-1	-1	-1	0	-1	-1	-1	-1	-1	-1	-1	0	0	-1	-1	-1	0	-1	-1	0	-1	0	0	0	-1	-1	-1	-1	-1	-1	0	-1	0	0	-1	-1	-1
RABEP1	-1	-1	-1	-1	-1	-1	-1	-1	-1	-1	-1	-1	-1	-1	-1	-1	-1	-1	-1	-1	-1	-1	-1	-1	-1	0	-1	-1	-1	-1	-1	-1	-1	-1	-1	-1	-1	-1	-1	-1
RAC1	0	0	-1	-1	-1	0	0	-1	0	-1	-1	-1	0	0	0	0	0	0	-1	0	-1	-1	0	0	0	0	-1	-1	0	0	0	-1	-1	0	0	0	0	-1	-1	0
RAD17	0	0	0	-1	-1	-1	-1	0	-1	-1	-1	-1	-1	-1	-1	-1	-1	-1	-1	0	-1	0	0	-1	0	0	-1	-1	-1	0	0	-1	0	0	0	-1	0	-1	0	0
RAD21	0	0	2	0	0	2	0	2	-1	-1	-1	-1	0	0	0	0	0	0	0	-1	0	1	0	0	0	0	0	-1	-1	0	0	0	0	0	0	1	0	0	0	0
RAD50	0	0	0	0	-1	0	0	0	-1	-1	-1	0	0	0	-1	-1	-1	-1	-1	0	-1	-1	0	0	0	0	-1	-1	0	0	0	-1	0	0	0	-1	0	-1	0	0
RAD51	0	-1	0	-1	-1	0	-1	0	0	-1	-1	0	-1	-1	-1	0	-1	0	-1	0	-1	0	0	0	0	0	0	-1	-1	-1	0	-1	-1	-1	-1	0	-1	-1	0	0
RAD51B	0	-1	0	-1	-1	-1	0	-1	-1	0	-1	-1	0	0	0	-1	-1	0	-1	0	0	-1	0	0	0	0	-1	-1	-1	-1	0	-1	0	0	0	0	-1	0	-1	0
RAD51C	1	-1	-1	-1	-1	-1	-1	-1	-1	-1	-1	-1	-1	-1	-1	-1	-1	-1	-1	-1	0	-1	-1	-1	-1	0	-1	-1	-1	0	-1	0	-1	-1	-1	-1	-1	-1	-1	-1
RAD51D	-1	-1	-1	-1	-1	-1	-1	-1	-1	-1	-1	-1	-1	-1	-1	-1	-1	-1	-1	-1	-1	-1	-1	-1	-1	0	-1	-1	-1	-1	-1	-1	-1	-1	-1	-1	-1	-1	-1	-1
RAD52	0	0	-1	0	0	0	0	0	1	0	-1	0	0	0	0	0	-1	0	-1	0	0	0	0	1	0	0	0	-1	-1	0	0	0	0	0	0	0	0	0	1	0
RAD54B	0	0	-1	0	0	0	0	0	-1	-1	-1	-1	-1	0	0	0	0	0	0	0	0	0	0	0	0	0	0	0	-1	0	0	-1	-1	-1	0	0	0	0	0	0
RAD54L	0	0	0	0	-1	0	-1	0	0	0	0	0	0	-1	0	0	0	0	0	0	0	0	-1	0	0	0	-1	-1	0	0	0	0	0	0	0	0	1	0	0	0
RAF1	0	0	0	-1	0	-1	0	-1	0	-1	-1	-1	-1	-1	0	-1	-1	-1	-1	-1	-1	0	0	0	0	0	-1	-1	-1	0	0	0	0	-1	0	0	0	0	-1	0
RALGDS	0	0	-1	-1	-1	0	0	0	-1	0	-1	-1	0	-1	0	0	0	-1	-1	0	-1	-1	0	-1	0	0	-1	0	0	0	0	-1	0	0	-1	-1	-1	0	-1	0
RANBP2	0	0	0	-1	0	-1	0	0	0	0	-1	-1	0	0	0	0	0	0	0	-1	-1	0	0	0	-1	0	0	0	0	0	0	0	0	0	-1	-1	0	0	0	0
RAP1GDS1	0	0	0	-1	-1	0	0	0	0	-1	-1	-1	-1	0	0	-1	-1	-1	-1	0	0	-1	0	0	0	0	-1	-1	0	0	0	-1	0	0	-1	-1	-1	0	-1	0
RARA	-1	-1	-1	-1	-1	-1	-1	-1	-1	-1	-1	-1	-1	-1	-1	-1	-1	-1	-1	-1	-1	-1	-1	-1	-1	0	-1	-1	-1	-1	-1	-1	-1	-1	-1	-1	-1	-1	-1	-1
RB1	-1	-1	-1	-1	-1	-1	-1	-1	-1	-1	0	-2	-1	-1	0	-1	0	-1	-1	0	-1	-1	0	-1	0	0	-1	0	-1	0	-1	-1	0	-1	-1	-1	-1	-1	0	-1
RBM10	0	-1	0	0	0	0	0	0	0	-1	-1	0	-1	-1	-1	-1	-1	-1	0	-1	-1	0	0	0	-1	0	0	-1	-1	0	-1	-1	-1	0	-1	0	0	-1	-1	0
RBM15	0	0	0	0	0	0	-1	0	0	0	0	0	0	-1	0	-1	0	0	0	0	0	0	-1	0	0	0	-1	-1	0	0	0	0	0	0	0	0	-1	0	0	0
RECQL4	0	0	-1	0	1	1	0	1	-1	-1	-1	-1	0	0	0	0	0	0	0	0	0	1	0	0	0	0	-1	-1	-1	0	0	0	-1	0	0	1	0	0	1	0
REL	0	0	0	0	0	0	0	0	0	0	0	0	0	0	0	0	0	0	0	0	0	0	0	0	0	0	0	0	-1	0	0	0	0	0	0	0	0	0	-1	0
RET	0	-1	0	0	-1	0	0	0	0	-1	-1	0	0	0	0	0	0	0	0	-1	0	0	0	0	0	-1	0	0	0	0	0	-1	0	0	0	-1	0	0	0	0
RFWD3	0	-1	-1	-1	-1	-1	-1	0	0	-1	-1	0	0	-1	0	0	-1	-1	-1	-1	-1	-1	0	0	0	0	-1	-1	-1	-1	0	-1	-1	0	-1	-1	0	-1	-1	-1
RGPD3	0	0	0	0	0	0	0	0	0	0	0	-1	0	0	0	0	0	0	0	-1	-1	0	0	0	0	0	0	0	0	0	0	0	0	0	-1	0	1	0	0	0
RGS7	0	0	0	-1	0	0	0	0	-1	0	0	0	0	0	0	0	0	0	0	0	-1	0	-1	0	0	0	0	-1	0	0	0	0	0	0	0	0	0	0	0	0
RHOA	0	0	0	-1	0	-1	0	-1	0	-1	-1	-1	-1	0	0	-1	-1	0	-1	-1	-1	-1	0	0	0	0	0	0	0	0	0	0	0	-1	0	0	0	-1	-1	0
RHOH	0	0	0	0	-1	0	0	0	0	0	0	-1	-1	0	0	0	-1	-1	0	0	0	-1	0	0	0	0	0	-1	-1	0	0	0	0	0	-1	0	-1	0	0	0
RMI2	0	0	0	0	-1	-1	0	0	0	-1	0	0	0	0	0	0	-1	0	-1	0	0	0	0	0	0	0	0	0	0	0	0	0	0	-1	0	0	0	0	0	0
RNF213	-1	-1	-1	-1	-1	-1	-1	-1	-1	-1	-1	-1	-1	-1	-1	-1	-1	-1	-1	-1	-1	-1	-1	-1	-1	0	-1	-1	-1	0	-1	-1	-1	-1	-1	-1	-1	-1	-1	-1
RNF43	-1	0	-1	-1	-1	-1	-1	-1	-1	-1	-1	-1	-1	-1	-1	-1	-1	-1	-1	-1	0	-1	-1	-1	-1	0	-1	-1	-1	0	-1	-1	-1	-1	-1	-1	-1	-1	-1	-1
ROBO2	0	0	0	0	0	-1	0	0	0	-1	0	-1	0	0	0	0	-1	0	0	-1	-1	0	0	0	0	0	0	0	0	0	0	0	0	0	0	0	0	0	0	0
ROS1	0	-1	0	-1	-1	-1	0	-1	-1	-1	-1	-1	0	-1	0	0	-1	0	-1	0	-1	-1	0	-1	0	0	0	-1	-1	-1	0	0	-1	0	-1	0	0	-1	0	-1
RPA1	-1	-1	-1	-1	-1	-1	-1	-1	-1	-1	-1	-1	-1	-1	-1	-1	-1	-1	-1	-1	-1	-1	-1	-1	-1	0	-1	-1	-1	-1	-1	-1	-1	-1	-1	-1	-1	-1	-1	-1
RPA2	0	0	0	-1	-1	-1	-1	-1	-1	0	0	0	0	-1	0	-1	0	0	0	0	0	-1	-1	-1	0	0	-1	0	-1	0	0	0	0	0	0	0	-1	-1	-1	0
RPA3	0	0	-1	-1	-1	0	0	-1	0	-1	-1	-1	0	0	0	0	0	0	-1	0	-1	-1	0	0	0	0	-1	-1	0	0	-1	-1	-1	0	0	0	0	-1	-1	0
RPA4	-1	-1	0	-1	0	0	-1	0	0	-1	-1	0	0	0	-1	-1	-1	-1	0	-1	-1	-1	0	-1	-1	0	0	-1	-1	0	-1	-1	-1	0	-1	0	-1	-1	-1	0
RPL10	0	-1	0	-1	0	0	-1	0	-1	-1	-1	0	0	0	-1	-1	-1	-1	0	-1	-1	-1	0	-1	-1	0	0	-1	-1	0	-1	0	0	0	-1	0	-1	-1	-1	0
RPL22	0	0	0	-1	-1	-1	0	-1	-1	-1	0	-1	0	0	0	-1	0	0	-1	0	0	-1	-1	0	0	0	-1	0	-1	0	0	0	0	0	0	-1	0	-1	0	0
RPL5	0	0	0	-1	0	0	-1	0	0	0	0	0	0	-1	0	-1	0	0	0	0	0	0	0	0	0	0	-1	-1	-1	0	0	0	0	0	0	0	-1	0	0	0
RPN1	0	0	0	0	0	0	0	0	0	-1	0	0	0	-1	0	0	0	0	0	0	0	0	0	0	0	0	0	0	0	0	0	0	0	0	0	-1	0	0	0	-1
RSPO2	0	0	0	0	0	0	0	1	-1	-1	-1	-1	-1	0	0	0	0	0	0	0	0	0	0	0	0	0	0	-1	-1	0	0	0	0	-1	0	0	0	0	0	0
RSPO3	0	-1	0	-1	-1	-1	0	-1	-1	-1	-1	-1	0	-1	0	0	-1	0	-1	0	-1	-1	0	0	0	0	0	-1	-1	-1	-1	-1	-1	1	-1	0	0	-1	0	-1
RUNX1	0	0	0	-1	-1	-1	-1	0	-1	-1	0	0	0	0	0	0	-1	0	-1	0	0	0	0	0	0	0	0	-1	-1	0	0	-1	-1	0	-1	-1	0	-1	0	0
RUNX1T1	0	0	0	0	0	0	0	0	-1	-1	-1	-1	-1	0	0	0	0	0	0	0	0	0	0	0	0	0	0	0	-1	0	0	-1	-1	-1	0	0	-1	0	0	0
S100A7	0	0	0	0	0	0	0	0	0	0	0	0	0	0	0	-1	0	0	0	0	0	0	-1	0	0	0	0	0	0	0	0	0	0	0	0	0	0	0	0	0
SALL4	0	0	-1	-1	-1	0	0	0	0	0	-1	0	0	0	0	0	0	0	0	0	0	0	0	0	0	0	0	0	0	0	0	0	0	0	1	0	0	0	-1	0
SBDS	0	0	0	0	-1	-1	0	0	0	0	-1	-1	0	0	0	0	0	0	-1	-1	0	0	0	0	0	0	0	-1	0	0	0	0	0	0	0	0	0	0	0	0
SDC4	0	0	-1	-1	0	0	0	0	0	0	0	0	0	0	0	0	1	0	0	-1	0	0	0	0	0	0	0	0	0	0	0	0	0	0	1	0	0	-1	-1	0
SDHA	0	0	0	0	-1	0	0	0	1	-1	-1	0	-1	0	0	0	0	0	0	0	-1	0	0	-1	0	0	-1	0	1	0	0	0	0	0	0	-1	0	0	-1	0
SDHAF2	0	0	0	0	0	-1	0	0	-1	0	0	0	0	0	0	0	0	0	0	0	0	0	0	0	0	0	0	-1	0	-1	0	0	0	0	0	0	-1	-1	0	0
SDHB	0	0	0	-1	0	-1	0	-1	0	0	0	-1	0	-1	0	-1	0	0	-1	0	0	0	0	0	0	0	-1	0	0	0	0	0	0	0	0	0	0	-1	-1	0
SDHC	0	0	0	0	0	0	0	0	0	0	0	0	0	0	0	-1	0	0	0	0	0	0	-1	0	0	0	0	0	0	0	1	1	0	0	0	0	0	0	0	0
SDHD	0	0	0	-1	0	-1	0	0	-1	0	0	-1	0	0	-1	-1	0	0	-1	-1	0	0	0	0	0	0	-1	0	-1	0	0	0	0	0	0	0	-1	-1	0	0
SEPT5	-1	0	-1	-1	0	-1	-1	-1	0	-1	-1	-1	-1	0	-1	-1	-1	0	0	-1	-1	-1	-1	-1	-1	0	-1	0	0	0	-1	-1	-1	-1	-1	-1	-1	-1	0	-1
SEPT6	0	-1	0	-1	0	0	-1	0	-1	-1	-1	0	0	0	-1	-1	-1	-1	0	-1	-1	-1	0	-1	-1	0	0	-1	-1	0	-1	0	-1	-1	-1	0	-1	-1	-1	0
SEPT9	-1	-1	-1	-1	-1	-1	-1	-1	-1	-1	-1	-1	-1	-1	-1	-1	-1	-1	-1	-1	-1	-1	-1	-1	-1	0	-1	-1	-1	0	-1	-1	-1	-1	-1	-1	-1	-1	-1	-1
SET	0	0	-1	-1	-1	0	0	0	-1	0	-1	-1	0	-1	0	0	0	-1	0	0	-1	-1	-1	-1	0	0	0	0	0	0	0	-1	0	0	-1	-1	-1	0	-1	0
SETBP1	0	0	-1	-1	-1	-1	0	0	-1	0	-1	-1	0	0	-1	0	-1	-1	0	0	-1	0	0	0	0	0	-1	-1	0	0	0	-1	0	0	0	-1	0	0	-1	-1
SETD1B	0	-1	0	0	-1	-1	0	-1	0	0	-1	-1	0	-1	0	0	-1	0	-1	0	0	-1	0	-1	0	0	-1	-1	-1	0	0	-1	0	0	0	-1	0	-1	-1	0
SETD2	0	0	0	-1	0	-1	0	-1	0	-1	-1	-1	0	-1	0	-1	-1	0	-1	-1	-1	0	0	0	0	0	-1	0	0	0	0	0	0	-1	0	0	0	0	-1	0
SETDB1	0	0	0	0	0	0	0	0	0	0	0	0	0	0	0	-1	0	0	0	-1	0	0	-1	0	0	0	0	0	0	0	0	0	0	0	0	0	0	0	0	0
SF3B1	0	0	0	-1	0	1	0	0	0	0	0	0	0	0	0	0	0	0	0	0	-1	-1	0	0	-1	0	0	0	0	0	0	0	0	0	-1	-1	0	-1	0	0
SFPQ	0	0	0	0	-1	0	-1	0	0	0	0	0	0	-1	0	0	0	0	0	0	0	0	-1	0	0	0	-1	0	-1	0	0	0	0	0	0	0	0	-1	0	0
SFRP4	0	0	0	0	0	0	0	-1	0	0	-1	-1	0	0	0	0	0	0	-1	0	0	-1	0	0	0	0	-1	-1	0	0	0	0	-1	0	0	0	0	0	-1	0
SGK1	0	-1	0	-1	-1	-1	0	-1	-1	-1	-1	-1	0	-1	0	0	-1	-1	-1	0	-1	-1	0	-1	0	0	0	-1	-1	-1	-1	0	-1	0	-1	0	0	-1	0	-1
SH2B3	0	-1	0	0	-1	0	0	-1	0	0	-1	-1	0	-1	0	0	-1	0	-1	0	0	-1	0	-1	0	0	0	-1	-1	0	0	-1	0	0	0	0	0	-1	-1	0
SH3GL1	0	-1	-1	-1	-1	-1	-1	-1	-1	-1	0	-1	0	-1	0	0	0	-1	-1	-1	0	-1	-1	0	-1	0	-1	-1	0	-1	0	-1	-1	0	0	-1	0	0	0	0
SHFM1	0	0	0	0	-1	0	0	0	0	0	-1	-1	0	0	0	0	0	0	-1	-1	0	0	0	0	0	0	0	-1	-1	0	0	0	0	0	0	0	0	0	0	0
SIRPA	0	0	-1	-1	0	0	0	0	0	0	0	0	0	0	0	0	0	0	0	-1	0	0	0	0	-1	0	0	-1	-1	0	0	0	0	0	0	0	0	-1	0	0
SIX1	0	-1	0	-1	-1	-1	0	-1	-1	0	-1	-1	0	0	0	-1	-1	0	-1	0	0	-1	0	0	0	0	-1	-1	-1	-1	0	0	0	0	0	0	-1	0	-1	0
SIX2	0	0	0	0	0	0	0	0	0	0	0	0	0	0	0	0	0	0	0	0	0	0	0	0	0	0	-1	0	0	0	0	0	0	0	0	0	0	0	-1	0
SKI	0	0	0	-1	-1	-1	0	-1	-1	-1	0	-1	0	0	0	-1	0	0	-1	0	0	0	-1	0	0	0	-1	0	-1	0	0	0	0	0	0	-1	0	-1	0	0
SLC34A2	0	0	0	-1	-1	0	0	0	0	0	0	-1	-1	0	0	0	-1	-1	0	0	0	-1	0	0	0	0	-1	-1	-1	0	0	0	0	0	-1	0	-1	0	0	0
SLC45A3	0	0	0	0	0	0	0	0	-1	0	0	0	0	0	0	-1	0	0	-1	0	-1	0	-1	0	0	0	0	-1	0	0	0	0	0	0	0	0	1	0	0	0
SLFN11	-1	-1	-1	-1	-1	-1	-1	-1	-1	-1	-1	-1	-1	-1	-1	-1	-1	-1	-1	-1	-1	-1	-1	-1	-1	0	-1	-1	-1	-1	-1	-1	-1	-1	-1	-1	-1	-1	-1	-1
SMAD2	0	-1	-1	-1	-1	-1	0	0	-1	0	-1	-1	0	0	-1	0	-1	-1	-1	0	-1	0	0	0	0	0	-1	-1	0	0	0	-1	0	0	0	-1	0	0	-1	-1
SMAD3	0	0	0	0	0	0	-1	0	0	-1	-1	-1	0	-1	0	0	-1	0	-1	0	-1	0	0	0	0	0	-1	-1	-1	0	0	-1	-1	-1	-1	0	-1	-1	0	0
SMAD4	-1	-1	-1	-1	-1	-1	0	0	-1	0	-1	-1	-1	0	-1	0	-1	-1	-1	0	-1	0	0	0	0	0	-1	0	0	0	0	-1	0	0	0	-1	0	-1	-1	-1
SMARCA4	0	0	0	-1	0	-1	0	-1	-1	0	0	-1	0	0	0	0	0	-1	0	0	0	0	0	0	0	0	0	0	0	0	-1	-1	-1	0	0	-1	0	0	0	0
SMARCB1	-1	0	-1	-1	0	-1	-1	-1	0	-1	-1	-1	-1	0	-1	-1	-1	0	0	-1	-1	-1	-1	-1	-1	0	-1	0	0	0	-1	-1	-1	-1	-1	-1	-1	-1	0	-1
SMARCD1	0	-1	0	0	-1	0	0	-1	0	0	0	-1	0	-1	0	0	-1	0	-1	0	0	0	0	0	0	0	0	-1	-1	0	0	0	0	0	0	0	0	0	-1	0
SMARCE1	-1	-1	-1	-1	-1	-1	0	-1	-1	-1	-1	-1	-1	-1	-1	-1	-1	-1	-1	-1	-1	-1	-1	-1	-1	0	-1	-1	-1	-1	-1	-1	-1	-1	-1	-1	-1	-1	-1	-1
SMC1A	0	-1	0	-1	0	0	0	0	0	-1	-1	0	0	-1	-1	-1	-1	-1	0	-1	-1	0	0	0	-1	0	0	-1	-1	0	-1	-1	-1	0	-1	0	0	-1	-1	0
SMO	0	0	0	0	-1	0	0	0	0	0	-1	-1	0	0	0	0	0	0	0	-1	0	0	0	0	0	0	0	-1	0	0	0	0	0	0	0	0	0	0	0	0
SND1	0	0	0	0	-1	0	0	0	0	0	-1	-1	0	0	0	0	0	0	0	-1	0	0	0	0	0	0	0	-1	0	0	0	0	0	0	0	0	0	0	0	0
SNX29	0	0	0	0	-1	-1	0	0	0	-1	0	0	0	0	0	0	-1	0	-1	0	0	0	0	0	0	0	0	0	0	-1	0	0	0	-1	0	0	0	0	0	0
SOCS1	0	0	0	0	-1	-1	0	0	0	-1	0	0	0	0	0	0	-1	0	-1	0	0	0	0	0	0	0	0	0	0	0	0	0	0	-1	0	0	0	0	0	0
SOX2	0	0	0	0	0	0	0	0	0	-1	0	0	0	-1	0	0	0	0	0	0	0	0	0	0	0	0	0	-1	-1	0	0	0	0	0	0	0	0	-1	-1	0
SOX21	-1	0	-1	-1	-1	-1	-1	-1	0	-1	0	-1	-1	0	0	-1	0	-1	0	0	-1	-1	0	-1	0	0	-1	0	-1	0	-1	-1	0	-1	0	-1	-1	-1	0	-1
SPECC1	0	-1	-1	0	-1	-1	-1	-1	-1	-1	-1	-1	-1	-1	-1	0	-1	-1	-1	-1	-1	0	-1	0	0	0	-1	-1	0	-1	-1	-1	-1	0	-1	0	-1	0	-1	-1
SPEN	0	0	0	-1	-1	-1	0	-1	-1	-1	0	-1	0	-1	0	-1	0	0	-1	0	0	-1	-1	0	0	0	-1	0	-1	0	0	0	0	0	0	0	0	-1	-1	0
SPOP	-1	0	-1	-1	-1	-1	-1	-1	-1	-1	-1	-1	-1	-1	-1	-1	-1	-1	-1	-1	-1	-1	0	-1	-1	0	-1	-1	-1	-1	-1	-1	-1	-1	-1	-1	-1	-1	-1	-1
SRC	0	0	-1	-1	0	0	0	0	0	0	0	0	0	0	0	0	0	0	0	-1	0	0	0	0	0	0	0	0	0	0	0	0	0	0	0	0	0	-1	0	0
SRGAP3	0	0	0	-1	0	-1	0	-1	0	-1	-1	-1	-1	-1	0	-1	-1	-1	-1	-1	-1	0	0	0	0	-1	-1	-1	-1	0	0	0	0	-1	0	0	0	0	-1	0
SRSF2	-1	-1	-1	-1	-1	-1	-1	-1	-1	-1	-1	-1	-1	-1	-1	-1	-1	-1	-1	-1	-1	-1	-1	-1	-1	0	-1	-1	-1	0	-1	-1	-1	-1	-1	-1	-1	-1	-1	-1
SRSF3	0	0	0	-1	-1	0	0	-1	-1	-1	0	-1	0	0	0	-1	-1	-1	0	0	-1	0	-1	-1	0	0	0	-1	0	-1	0	0	1	0	-1	0	0	0	0	0
SS18	0	0	0	-1	0	-1	0	0	-1	0	0	-1	0	0	-1	0	-1	-1	0	0	-1	0	0	0	0	0	-1	-1	0	0	0	-1	0	1	0	-1	-1	0	0	0
SS18L1	0	0	-1	-1	0	0	0	0	1	-1	0	0	0	0	0	0	0	0	0	0	0	0	0	0	0	0	0	0	0	0	0	0	0	0	0	0	0	0	0	0
SSBP1	0	0	0	0	-1	0	0	0	0	0	-1	-1	0	0	0	0	0	-1	0	-1	0	-1	0	0	0	0	0	-1	0	0	0	0	0	0	0	0	0	0	0	0
SSX1	0	-1	0	-1	0	0	0	0	0	-1	-1	0	-1	0	0	-1	-1	-1	0	-1	-1	0	0	0	-1	0	0	-1	-1	0	-1	-1	-1	0	-1	0	0	-1	-1	0
SSX2	0	0	0	0	0	0	0	0	0	-1	-1	0	0	0	-1	-1	-1	-1	0	-1	-1	0	0	0	-1	0	0	-1	-1	0	-1	-1	0	0	-1	0	0	-1	-1	0
SSX4	0	-1	0	-1	0	0	0	0	0	-1	-1	0	-1	0	0	-1	-1	-1	0	-1	-1	0	0	0	-1	0	0	-1	-1	0	-1	-1	-1	0	-1	0	0	-1	-1	0
STAG1	0	0	0	0	0	0	0	0	0	-1	0	0	0	-1	0	0	0	0	0	0	0	0	0	0	0	0	0	0	-1	0	0	1	0	0	0	-1	0	0	0	0
STAG2	0	-1	0	-1	0	0	-1	0	-1	-1	-1	0	0	0	-1	-1	-1	-1	0	-1	-1	-1	0	-1	-1	0	0	-1	-1	0	-1	0	-1	0	-1	0	-1	-1	-1	0
STAT3	-1	-1	-1	-1	-1	-1	-1	-1	0	-1	-1	-1	-1	-1	-1	-1	-1	-1	-1	-1	-1	-1	-1	-1	-1	0	-1	-1	-1	-1	-1	-1	-1	-1	-1	-1	-1	-1	-1	-1
STAT5B	-1	-1	-1	-1	-1	-1	-1	-1	-1	-1	-1	-1	-1	-1	-1	-1	-1	-1	-1	-1	-1	-1	-1	-1	-1	0	-1	-1	-1	-1	-1	-1	-1	-1	-1	-1	-1	-1	-1	-1
STAT6	0	-1	0	0	-1	0	0	-1	0	0	0	-1	0	-1	0	0	-1	0	-1	0	0	0	0	0	0	0	0	-1	-1	0	0	0	0	0	0	0	0	0	-1	0
STIL	0	0	0	0	-1	0	-1	0	0	0	0	0	0	-1	0	0	0	0	0	0	0	0	-1	0	0	0	-1	0	0	0	0	0	0	0	0	0	0	0	0	0
STK11	0	-1	-1	0	-1	-1	-1	-1	-1	-1	-1	-1	0	-1	0	0	-1	0	-1	-1	0	-1	0	0	-1	0	-1	-1	0	-1	0	-1	-1	0	0	-1	0	-1	0	0
STK19	0	0	1	-1	-1	0	0	-1	-1	-1	0	-1	0	0	0	-1	-1	-1	0	0	-1	0	-1	-1	0	0	0	-1	0	-1	0	0	-1	0	-1	0	0	0	1	0
STRN	0	0	0	-1	0	0	0	0	0	0	0	-1	0	0	0	0	0	0	0	0	0	0	0	0	0	0	0	0	0	0	0	0	0	0	0	0	0	0	-1	0
SUFU	0	-1	0	-1	-1	-1	0	0	0	-1	-1	-1	-1	0	0	0	-1	0	0	0	0	0	0	0	0	0	-1	-1	0	0	0	-1	0	-1	0	-1	0	-1	0	-1
SUZ12	-1	-1	-1	-1	-1	-1	-1	-1	-1	-1	-1	-1	-1	-1	-1	-1	-1	-1	-1	-1	-1	-1	-1	-1	-1	0	-1	-1	-1	-1	-1	-1	-1	-1	-1	-1	-1	-1	-1	-1
SYK	0	0	0	0	-1	0	0	0	-1	0	0	0	0	-1	0	0	0	-1	0	0	-1	-1	0	-1	0	-1	0	0	-1	0	0	-1	0	0	-1	-1	-1	0	0	0
TAF15	-1	-1	-1	-1	-1	-1	-1	-1	-1	-1	-1	-1	-1	-1	-1	-1	-1	-1	-1	-1	-1	-1	-1	-1	0	0	-1	-1	-1	-1	-1	-1	-1	-1	-1	-1	-1	-1	-1	-1
TAL1	0	0	0	0	-1	0	-1	0	0	0	0	0	0	-1	0	0	0	0	0	0	0	0	-1	0	0	0	-1	0	0	0	0	0	0	0	0	0	0	0	0	0
TAL2	0	0	0	0	-1	0	0	0	-1	0	0	0	0	-1	0	0	0	-1	0	0	-1	-1	0	-1	0	-1	0	0	-1	0	0	-1	0	0	-1	-1	-1	0	0	0
TAP1	0	0	0	-1	-1	0	0	-1	-1	-1	0	-1	0	0	0	-1	-1	-1	0	0	-1	0	-1	-1	0	0	0	-1	0	-1	0	0	0	0	0	0	0	0	0	0
TAP2	0	0	0	-1	-1	0	0	-1	-1	-1	0	-1	0	0	0	-1	-1	-1	0	0	-1	0	-1	-1	0	0	0	-1	0	-1	0	0	0	0	0	0	0	0	0	0
TAPBP	0	0	0	-1	-1	0	0	-1	-1	-1	0	-1	0	0	0	-1	-1	-1	0	0	-1	0	-1	-1	0	0	0	-1	0	-1	0	0	0	0	-1	0	0	0	0	0
TBL1XR1	0	0	0	0	0	0	0	0	0	-1	0	0	0	-1	0	0	1	0	0	0	0	0	0	0	0	0	0	-1	-1	0	0	0	0	1	0	0	0	0	-1	0
TBX3	0	-1	0	0	-1	0	0	-1	0	0	-1	-1	0	-1	0	0	-1	0	-1	0	0	-1	0	-1	0	0	0	-1	-1	0	0	-1	0	0	0	0	0	-1	-1	0
TCEA1	0	0	-1	0	0	0	0	0	-1	0	0	0	0	0	0	0	0	1	0	0	0	0	0	0	0	0	0	-1	-1	0	0	0	0	-1	0	0	0	0	0	0
TCF12	0	-1	0	-1	-1	0	-1	0	0	-1	-1	0	0	-1	-1	0	-1	0	-1	0	-1	0	0	0	0	0	-1	-1	-1	-1	0	-1	-1	-1	-1	0	-1	-1	0	0
TCF3	0	-1	-1	-1	-1	-1	-1	-1	-1	-1	-1	-1	0	-1	0	0	-1	0	-1	-1	0	-1	0	0	-1	0	-1	-1	0	-1	0	-1	-1	0	0	-1	0	-1	0	0
TCF7L2	0	-1	0	-1	-1	-1	0	0	0	-1	-1	-1	-1	0	0	0	-1	0	0	0	0	0	0	0	0	0	0	-1	0	0	0	-1	0	0	0	0	0	-1	0	-1
TCL1A	0	-1	0	-1	0	-1	0	-1	-1	0	0	-1	0	0	0	-1	-1	0	-1	0	0	-1	0	0	0	0	-1	-1	-1	-1	0	-1	0	0	0	-1	-1	0	-1	0
TEC	0	0	0	0	-1	0	0	0	0	0	0	0	0	0	0	0	-1	-1	0	0	0	-1	0	0	0	0	0	-1	0	0	0	0	0	0	-1	0	-1	0	0	0
TERT	0	0	0	0	-1	0	0	0	1	-1	-1	0	-1	0	0	0	0	0	0	0	-1	0	0	-1	0	0	0	0	1	0	0	0	0	0	0	-1	0	0	-1	0
TET1	0	-1	0	0	-1	0	0	0	0	-1	-1	-1	0	0	0	0	-1	0	-1	0	0	0	0	0	0	0	-1	0	0	0	0	-1	0	-1	0	-1	0	-1	0	-1
TET2	0	0	0	-1	-1	-1	0	0	0	-1	-1	-1	-1	0	0	-1	-1	-1	-1	0	0	-1	0	0	0	0	-1	-1	0	0	0	-1	0	0	-1	-1	-1	0	-1	-1
TFE3	0	-1	0	-1	0	0	1	0	0	-1	-1	0	-1	-1	-1	-1	-1	-1	0	-1	-1	0	0	0	-1	0	0	-1	-1	0	-1	-1	-1	0	-1	0	0	-1	-1	0
TFEB	0	0	0	0	0	0	0	-1	-1	-1	0	0	0	0	0	-1	-1	0	0	0	0	0	-1	-1	0	0	0	-1	0	-1	0	0	1	0	-1	0	0	0	0	0
TFG	0	0	0	0	0	0	0	0	0	-1	0	0	0	-1	0	0	0	0	0	0	0	0	0	0	0	0	0	0	0	0	0	0	0	0	0	0	0	0	0	-1
TFPT	0	0	-1	0	0	-1	0	-1	0	0	-1	0	0	0	-1	-1	-1	0	0	-1	0	0	0	0	-1	0	-1	-1	0	0	0	0	0	-1	-1	-1	-1	0	-1	0
TFRC	0	1	0	0	-1	0	0	1	0	-1	0	0	0	-1	0	0	1	0	-1	0	0	0	0	0	0	0	0	-1	-1	0	0	-1	0	0	0	0	0	-1	-1	0
TGFBR2	0	0	0	-1	0	-1	0	-1	0	-1	-1	-1	0	-1	0	-1	-1	0	-1	-1	-1	0	0	0	0	0	-1	0	-1	0	0	0	0	0	0	0	0	0	-1	0
THRAP3	0	0	0	0	-1	0	-1	0	0	0	0	0	0	-1	0	0	0	0	0	0	0	0	-1	0	0	0	-1	1	0	0	0	0	0	0	0	0	0	-1	0	0
TLX1	0	-1	0	0	0	-1	0	0	0	-1	-1	-1	-1	0	0	0	-1	0	0	0	0	0	0	0	0	0	-1	-1	0	0	0	-1	0	0	0	-1	0	-1	0	-1
TLX3	0	0	0	0	-1	0	0	0	-1	-1	-1	0	0	0	-1	0	-1	-1	0	0	-1	-1	0	-1	0	0	-1	-1	0	0	0	-1	0	0	0	-1	0	0	0	0
TMEM127	0	0	0	0	0	0	0	0	0	0	0	0	0	0	0	0	0	0	0	0	-1	0	0	0	0	0	0	0	0	0	0	0	0	0	-1	0	0	0	0	0
TMPRSS2	0	0	0	-1	-1	-1	-1	0	0	-1	0	-1	0	-1	0	0	-1	0	-1	0	-1	0	0	0	0	0	0	-1	0	0	0	-1	-1	0	-1	-1	0	-1	0	0
TNC	0	0	0	0	-1	0	0	0	-1	0	-1	0	0	-1	0	0	0	-1	0	0	-1	-1	0	-1	0	0	0	0	-1	0	0	-1	0	0	-1	-1	-1	0	0	0
TNFAIP3	0	-1	0	-1	-1	-1	0	-1	-1	-1	-1	-1	0	-1	0	0	-1	-1	-1	0	-1	-1	0	0	0	0	0	-1	-1	-1	-1	-1	-1	0	-1	0	0	-1	0	-1
TNFRSF14	0	0	0	-1	-1	-1	0	-1	-1	-1	0	-1	0	0	0	-1	0	0	-1	0	0	0	-1	0	0	0	-1	0	-1	0	0	0	0	0	0	-1	0	-1	0	0
TNFRSF17	0	0	0	0	-1	-1	0	0	0	-1	0	0	0	-1	0	0	-1	0	-1	0	0	0	0	0	0	0	0	0	0	-1	0	0	0	-1	0	0	0	0	0	0
TOP1	0	0	-1	-1	0	0	0	-1	0	0	0	0	0	0	0	0	0	-1	0	-1	0	0	0	0	0	0	0	0	0	0	0	0	0	0	0	0	0	-1	-1	0
TOP3A	-1	0	-1	-1	-1	-1	-1	-1	-1	-1	-1	0	-1	-1	-1	-1	-1	-1	-1	-1	-1	0	0	-1	-1	0	-1	-1	-1	-1	-1	-1	0	-1	-1	-1	-1	-1	-1	0
TOP3B	-1	0	-1	-1	0	-1	-1	-1	0	-1	-1	-1	-1	0	-1	-1	-1	0	0	-1	-1	-1	-1	-1	-1	0	-1	0	0	0	-1	-1	-1	-1	-1	-1	-1	-1	0	-1
TP53	-1	-1	-1	0	-1	-1	-1	-1	-1	-1	-1	-1	-1	-1	-1	-1	-1	-1	-1	-1	-1	-1	-1	-1	-1	0	-1	-1	-1	-1	-1	-1	-1	-1	-1	-1	-1	-1	-1	-1
TP63	-1	1	0	0	-1	0	0	0	0	-1	0	0	0	-1	0	0	1	0	-1	0	0	0	0	0	0	0	0	-1	-1	0	0	-1	0	0	0	0	0	-1	-1	0
TPM3	0	0	0	0	0	0	0	0	0	0	0	0	0	0	0	-1	0	0	0	0	0	0	-1	0	0	0	0	0	0	0	0	0	0	0	0	0	0	0	0	0
TPM4	0	0	0	-1	0	0	0	0	0	0	0	-1	0	0	0	0	0	0	0	0	0	0	0	0	0	0	0	0	0	0	0	-1	-1	0	0	-1	0	0	0	0
TPR	0	0	0	0	0	0	0	0	0	0	0	0	0	0	0	-1	0	0	-1	0	-1	0	0	0	0	0	0	0	0	0	0	0	0	0	0	0	0	0	0	0
TRAF7	0	0	0	0	-1	-1	0	0	0	-1	0	0	0	0	0	0	0	0	-1	0	0	0	0	0	0	0	-1	-1	0	0	0	0	-1	-1	0	0	0	0	0	-1
TRIM24	0	0	0	0	-1	0	0	0	0	0	-1	-1	0	0	0	0	0	0	0	-1	0	0	0	0	0	0	0	-1	0	0	0	0	0	0	0	0	0	0	1	0
TRIM27	0	0	0	-1	-1	0	1	-1	-1	-1	0	-1	0	0	0	-1	-1	0	0	0	-1	0	-1	-1	0	0	0	-1	0	-1	0	0	-1	0	-1	0	0	0	0	0
TRIM33	0	0	0	0	0	0	-1	0	-1	0	0	0	0	-1	0	-1	0	0	0	0	0	0	-1	0	0	0	-1	-1	0	0	0	0	0	0	0	0	-1	0	0	0
TRIP11	0	-1	0	-1	0	-1	0	-1	-1	0	0	-1	0	0	0	-1	-1	0	-1	0	0	-1	0	0	0	0	-1	-1	-1	-1	0	-1	0	0	0	-1	-1	0	-1	0
TRRAP	0	0	0	0	-1	0	0	0	0	0	-1	-1	0	0	0	0	0	0	-1	-1	0	0	0	0	0	0	0	-1	-1	0	0	0	0	0	0	0	0	0	0	0
TSC1	0	0	-1	-1	-1	0	0	0	-1	0	-1	-1	0	-1	0	0	0	-1	-1	0	-1	-1	0	-1	0	0	-1	0	0	0	0	-1	0	0	-1	-1	-1	0	-1	0
TSC2	0	0	0	0	-1	-1	0	0	0	-1	0	0	0	0	0	0	-1	0	-1	0	0	0	0	0	0	0	-1	-1	0	0	0	0	-1	-1	0	0	0	0	0	-1
TSHR	0	-1	0	-1	0	-1	0	-1	-1	0	0	-1	0	0	0	-1	-1	0	-1	-1	0	-1	0	0	0	0	-1	-1	-1	-1	0	-1	0	0	0	-1	-1	0	-1	0
U2AF1	0	0	0	-1	-1	-1	0	0	0	-1	0	-1	0	-1	0	0	-1	0	-1	0	0	-1	0	0	0	0	0	-1	0	0	0	-1	-1	0	-1	-1	0	-1	0	0
UBR5	0	0	0	0	0	1	0	1	-1	-1	-1	-1	-1	0	0	0	1	1	0	0	0	0	0	0	0	0	0	0	-1	0	0	0	0	-1	0	0	0	0	0	0
USP44	0	-1	0	0	-1	0	0	-1	0	0	0	-1	0	-1	0	0	-1	0	-1	0	0	-1	0	-1	0	0	0	-1	-1	0	0	-1	0	0	0	0	0	-1	-1	0
USP6	-1	-1	-1	-1	-1	-1	-1	-1	-1	-1	-1	-1	-1	-1	-1	-1	-1	-1	-1	-1	-1	-1	-1	-1	-1	0	-1	-1	-1	-1	-1	-1	-1	-1	-1	-1	-1	-1	-1	-1
USP8	0	-1	0	0	-1	0	-1	0	0	-1	-1	0	0	-1	-1	0	-1	0	-1	0	-1	0	0	0	0	0	0	-1	-1	-1	0	-1	-1	-1	-1	0	-1	-1	0	0
VAV1	0	0	-1	-1	-1	-1	-1	-1	-1	-1	0	-1	0	-1	0	0	0	-1	0	-1	0	0	0	0	-1	0	-1	0	0	0	0	-1	-1	0	0	-1	0	0	0	0
VHL	0	0	0	-1	0	-1	0	-1	0	-1	-1	-1	-1	-1	0	-1	-1	-1	-1	-1	-1	0	0	0	0	0	-1	-1	-1	0	0	0	0	-1	0	0	0	0	-1	0
VTI1A	0	-1	0	-1	-1	-1	0	0	0	-1	-1	-1	-1	0	0	0	-1	0	0	0	0	0	0	0	0	0	0	-1	0	0	0	-1	0	0	0	0	0	-1	0	-1
WAS	0	-1	0	-1	0	0	0	0	0	-1	-1	0	-1	-1	-1	-1	-1	-1	0	-1	-1	0	0	0	-1	0	0	-1	-1	0	-1	-1	-1	0	-1	0	0	-1	-1	0
WHSC1	0	0	0	-1	-1	0	0	0	0	0	0	0	-1	0	0	0	-1	-1	0	0	0	-1	0	0	0	0	-1	0	-1	0	0	0	0	0	-1	0	-1	0	0	0
WHSC1L1	0	0	2	0	0	0	0	-1	-1	0	0	0	-1	0	0	2	0	0	0	-1	-1	0	0	0	0	0	0	0	-1	-1	0	0	-1	0	0	0	-1	0	0	0
WIF1	1	-1	0	0	-1	0	0	-1	0	0	0	-1	0	-1	0	0	-1	0	-1	0	0	0	1	0	0	0	-1	-1	-1	0	0	0	0	0	0	0	0	0	-1	0
WNK2	0	0	0	0	-1	0	0	0	-1	0	0	0	0	-1	0	0	0	-1	0	0	-1	-1	0	-1	0	-1	0	0	-1	0	0	-1	0	0	-1	-1	-1	0	0	0
WRN	0	-1	-1	-1	-1	0	0	-1	-1	0	0	0	-1	0	0	0	-1	0	-1	-1	-1	-1	0	0	0	0	0	-1	-1	-1	-1	-1	-1	-1	0	0	-1	-1	-1	0
WT1	-1	0	0	0	0	0	0	0	-1	0	0	0	0	0	-1	0	0	-1	0	0	-1	0	0	-1	0	0	-1	0	0	-1	0	0	-1	0	0	0	-1	0	0	0
WWTR1	0	0	0	0	0	0	0	0	0	-1	-1	0	0	-1	0	0	0	0	0	0	0	0	0	0	0	0	0	0	-1	0	0	0	0	0	0	-1	0	0	0	-1
XPA	0	0	0	0	-1	0	0	0	-1	0	0	0	0	-1	0	0	0	-1	0	0	-1	-1	0	-1	0	-1	0	0	-1	0	-1	-1	0	0	-1	-1	-1	0	0	0
XPC	0	0	0	-1	0	-1	0	-1	0	-1	-1	-1	-1	-1	0	-1	-1	-1	-1	-1	-1	0	0	0	0	0	-1	0	-1	0	0	-1	0	0	0	-1	0	0	-1	0
XPO1	0	0	0	0	0	0	0	0	0	0	0	0	0	0	0	0	0	0	0	0	0	0	0	0	0	0	0	0	-1	0	0	0	0	0	0	0	0	0	-1	0
XRCC2	0	0	0	0	-1	-1	0	0	0	0	-1	-1	0	0	0	0	0	-1	0	-1	0	0	0	0	0	0	0	-1	0	0	0	0	0	0	0	0	0	0	-1	0
XRCC3	0	-1	0	0	0	-1	0	-1	-1	0	-1	-1	0	0	0	-1	-1	0	-1	0	0	-1	0	0	0	0	-1	-1	-1	0	0	-1	0	0	0	-1	0	0	-1	0
YWHAE	-1	-1	-1	-1	-1	-1	-1	-1	-1	-1	-1	-1	-1	-1	0	-1	-1	-1	-1	-1	-1	-1	-1	0	-1	0	-1	-1	-1	-1	-1	-1	-1	0	-1	-1	-1	-1	-1	-1
ZBTB16	0	0	0	-1	0	-1	0	0	0	0	0	-1	0	0	-1	-1	0	0	-1	-1	0	0	0	0	0	0	-1	0	-1	0	0	0	0	0	0	0	-1	0	0	0
ZCCHC8	0	-1	0	0	-1	-1	0	-1	0	0	-1	-1	0	-1	0	0	-1	0	-1	0	0	-1	0	-1	0	0	-1	-1	-1	0	0	0	-1	0	0	0	0	-1	-1	0
ZEB1	0	0	0	0	-1	0	0	0	0	0	0	0	0	0	0	0	0	0	0	0	-1	0	0	0	0	-1	0	0	0	0	0	0	-1	0	0	-1	0	0	0	0
ZFHX3	0	-1	-1	-1	-1	-1	-1	0	0	-1	-1	0	0	-1	0	0	-1	-1	-1	-1	-1	0	0	0	0	0	-1	-1	-1	-1	0	-1	-1	-1	-1	-1	0	-1	-1	-1
ZMYM2	-1	-1	-1	0	-1	0	-1	-1	0	-1	0	-1	-1	0	0	-1	0	0	0	0	-1	0	0	-1	0	0	-1	0	-1	0	-1	-1	0	-1	-1	-1	-1	-1	0	-1
ZMYM3	0	-1	0	-1	0	0	-1	0	0	-1	-1	0	0	0	-1	-1	-1	-1	0	-1	-1	0	0	0	-1	0	0	-1	-1	0	-1	-1	-1	-1	-1	0	0	-1	-1	0
ZNF331	0	0	-1	0	0	-1	0	-1	0	0	-1	0	0	0	-1	-1	-1	0	0	-1	0	0	0	0	-1	0	-1	-1	0	0	0	0	0	-1	-1	-1	-1	0	-1	0
ZNF384	0	0	-1	0	0	0	0	0	0	0	-1	0	0	0	1	0	-1	0	-1	0	0	0	0	1	0	0	0	0	-1	0	0	0	0	0	0	0	0	0	0	0
ZNF429	0	0	-1	-1	0	0	0	0	-1	-1	0	0	0	0	0	-1	0	0	0	0	0	0	0	0	-1	0	0	0	0	0	0	-1	-1	0	0	-1	0	0	0	0
ZNF479	0	1	0	0	0	0	0	0	0	0	-1	-1	0	0	0	0	0	0	0	0	0	0	0	0	0	0	0	0	0	0	0	0	-1	0	0	0	0	0	0	0
ZNF521	1	0	0	-1	0	-1	0	0	-1	0	0	-1	0	0	0	0	-1	0	0	0	-1	0	0	0	0	0	-1	-1	0	0	0	-1	0	0	0	-1	-1	0	0	0
ZNRF3	-1	0	-1	-1	0	-1	-1	-1	0	-1	-1	-1	-1	0	-1	0	-1	0	0	-1	-1	-1	-1	-1	-1	0	-1	0	0	0	-1	-1	-1	-1	-1	-1	-1	-1	0	-1
ZRSR2	0	-1	0	-1	0	0	0	-1	0	-1	-1	0	-1	-1	-1	-1	-1	-1	0	-1	-1	0	0	0	-1	0	0	-1	-1	0	-1	-1	-1	0	-1	0	0	-1	-1	0
